,id,full_name,email,password_hash,display_name,role_id,date_of_birth,sex,height_cm,weight_kg,metadata,created_at,updated_at,deleted_at
0,35,juan,daniel@gmail.com,hash3,Daniel García,3,2003-09-29,Femenino,92,129,{},1999-05-23,1991-11-17,2018-02-08
1,153,daniel,fernando@gmail.com,hash1,Juan Pérez,2,1993-06-11,Femenino,58,96,{},1994-07-17,1997-05-13,2012-04-01
2,104,daniel,fernando@gmail.com,hash3,Daniel García,1,1999-03-06,Femenino,120,50,{},2011-02-11,1991-11-21,2005-02-05
3,142,juan,juan@gmail.com,hash3,Juan Pérez,3,2005-06-23,Femenino,100,30,{},2015-10-14,1994-08-23,2014-11-02
4,138,juan,juan@gmail.com,hash2,Juan Pérez,1,2013-01-19,Masculino,246,120,{},2010-04-13,1990-12-16,2014-07-16
5,75,juan,juan@gmail.com,hash1,Fernando López,3,2015-10-18,Masculino,117,179,{},2001-05-23,2009-05-02,2016-01-30
6,41,daniel,juan@gmail.com,hash3,Juan Pérez,3,2017-01-04,Masculino,123,144,{},2019-05-25,2015-05-03,2005-11-25
7,69,juan,fernando@gmail.com,hash2,Juan Pérez,2,2015-11-19,Masculino,78,89,{},1994-09-17,1991-02-12,2004-08-12
8,18,juan,fernando@gmail.com,hash1,Juan Pérez,3,2013-05-22,Femenino,118,122,{},2011-06-02,1996-03-29,1996-09-13
9,117,fernando,fernando@gmail.com,hash3,Daniel García,1,1991-05-02,Masculino,51,118,{},1994-03-03,2013-03-28,2001-07-07
10,53,daniel,juan@gmail.com,hash2,Juan Pérez,2,1990-06-13,Masculino,212,190,{},2009-10-21,1994-05-29,2014-04-28
11,60,fernando,daniel@gmail.com,hash1,Fernando López,1,2006-04-09,Masculino,71,54,{},1995-10-15,2014-08-28,2008-07-28
12,58,juan,juan@gmail.com,hash2,Daniel García,3,2018-03-01,Femenino,64,133,{},2005-09-15,2016-05-22,2009-05-05
13,200,fernando,fernando@gmail.com,hash2,Juan Pérez,1,2001-04-01,Femenino,57,92,{},1994-10-22,2002-07-06,2005-07-22
14,132,juan,juan@gmail.com,hash2,Fernando López,2,2011-05-25,Masculino,162,170,{},2017-12-23,2005-06-05,2008-12-19
15,136,juan,daniel@gmail.com,hash1,Juan Pérez,2,1993-07-20,Femenino,37,188,{},1999-03-14,1998-07-22,2004-08-31
16,21,daniel,fernando@gmail.com,hash2,Daniel García,1,2001-11-28,Femenino,128,117,{},2018-11-12,2007-10-17,2015-07-25
17,82,fernando,daniel@gmail.com,hash2,Juan Pérez,3,1998-12-25,Masculino,171,192,{},1993-06-28,1990-04-20,1991-10-01
18,161,fernando,juan@gmail.com,hash1,Fernando López,2,2004-07-03,Masculino,22,141,{},2014-07-12,1999-09-20,1995-10-26
19,166,juan,juan@gmail.com,hash3,Juan Pérez,3,2004-08-21,Masculino,14,30,{},1997-05-27,2005-01-06,2006-08-31
20,139,daniel,juan@gmail.com,hash1,Fernando López,3,1992-04-13,Femenino,58,75,{},2017-01-17,2002-10-08,2019-06-10
21,193,fernando,daniel@gmail.com,hash3,Fernando López,1,2011-06-27,Masculino,124,30,{},2006-08-20,2013-08-15,2011-12-05
22,20,juan,daniel@gmail.com,hash1,Fernando López,2,2016-02-23,Masculino,196,55,{},1990-06-24,1997-06-01,1998-11-03
23,7,daniel,juan@gmail.com,hash3,Juan Pérez,2,1998-03-21,Femenino,39,95,{},2006-04-11,2019-05-07,1996-02-20
24,91,fernando,fernando@gmail.com,hash2,Daniel García,2,2012-03-11,Masculino,189,103,{},2006-10-17,2010-02-09,2010-03-05
25,169,fernando,daniel@gmail.com,hash1,Fernando López,2,1997-11-23,Femenino,150,74,{},2018-07-10,2012-07-22,1995-03-01
26,52,fernando,juan@gmail.com,hash1,Fernando López,3,1993-12-03,Masculino,141,151,{},1993-02-19,1997-10-25,2009-07-03
27,107,fernando,juan@gmail.com,hash2,Juan Pérez,3,1995-05-08,Femenino,127,80,{},2014-05-07,2003-01-13,2015-03-27
28,62,juan,fernando@gmail.com,hash2,Fernando López,2,2006-01-06,Femenino,233,133,{},2007-12-25,2014-01-20,1991-06-08
29,119,juan,juan@gmail.com,hash3,Fernando López,1,2001-07-15,Femenino,38,148,{},2008-10-22,2016-04-05,1999-08-28
30,142,juan,juan@gmail.com,hash3,Daniel García,2,1993-02-15,Masculino,216,21,{},2015-06-28,2013-03-09,1998-01-02
31,74,juan,fernando@gmail.com,hash2,Fernando López,1,2011-07-09,Masculino,111,48,{},2012-09-16,2002-08-26,2018-01-18
32,145,fernando,juan@gmail.com,hash2,Juan Pérez,1,1990-06-14,Femenino,146,92,{},2002-01-04,2002-10-16,2016-04-08
33,5,juan,daniel@gmail.com,hash3,Daniel García,2,1998-04-04,Masculino,44,161,{},2009-12-13,2003-04-27,1996-04-22
34,122,daniel,fernando@gmail.com,hash3,Fernando López,2,1998-04-28,Masculino,127,163,{},1998-09-12,1997-09-04,2000-10-09
35,4,daniel,daniel@gmail.com,hash1,Juan Pérez,1,2012-07-30,Femenino,178,140,{},1995-02-03,1991-07-15,2016-02-13
36,153,daniel,juan@gmail.com,hash3,Juan Pérez,2,2006-01-24,Femenino,42,80,{},1992-11-16,2007-08-04,2015-02-07
37,116,daniel,juan@gmail.com,hash1,Daniel García,2,1997-01-02,Masculino,129,141,{},1992-12-15,2003-04-09,2016-10-14
38,51,daniel,daniel@gmail.com,hash2,Fernando López,2,1990-11-18,Femenino,227,22,{},2000-04-27,2019-08-30,2007-10-25
39,14,daniel,daniel@gmail.com,hash2,Daniel García,1,2014-04-27,Masculino,209,114,{},2005-03-11,1997-09-05,2014-11-18
40,196,daniel,juan@gmail.com,hash1,Fernando López,1,1993-02-19,Femenino,146,79,{},2011-10-22,1993-10-24,2003-06-15
41,74,fernando,juan@gmail.com,hash1,Juan Pérez,3,2000-08-17,Femenino,186,46,{},1997-10-12,2017-10-02,1999-06-26
42,47,fernando,juan@gmail.com,hash2,Juan Pérez,3,2010-11-06,Femenino,149,45,{},2016-10-05,2004-05-09,2003-03-16
43,5,fernando,juan@gmail.com,hash3,Fernando López,2,1996-03-29,Masculino,91,112,{},1997-07-28,2017-10-15,2016-04-03
44,53,fernando,daniel@gmail.com,hash3,Daniel García,3,2001-12-22,Masculino,133,29,{},2000-04-14,2006-02-07,2004-06-12
45,25,daniel,fernando@gmail.com,hash3,Daniel García,3,2003-11-17,Femenino,112,27,{},2009-07-26,2011-12-21,2016-02-09
46,188,juan,daniel@gmail.com,hash1,Fernando López,2,1993-02-11,Masculino,60,47,{},2010-02-03,2012-07-11,2009-11-07
47,177,daniel,juan@gmail.com,hash1,Fernando López,1,2012-07-28,Masculino,212,57,{},2017-04-15,1991-08-22,2012-10-16
48,66,fernando,fernando@gmail.com,hash1,Daniel García,3,2017-01-08,Femenino,128,146,{},1995-09-01,1998-08-15,1992-05-19
49,180,juan,juan@gmail.com,hash2,Fernando López,2,2015-10-03,Masculino,14,0,{},1995-05-09,2008-12-04,2014-05-18
50,108,daniel,daniel@gmail.com,hash3,Fernando López,1,1993-07-07,Femenino,88,195,{},2013-05-17,2000-04-14,2009-12-20
51,146,fernando,daniel@gmail.com,hash1,Daniel García,1,1994-04-01,Masculino,55,186,{},1999-05-04,2013-05-24,2017-07-30
52,107,juan,fernando@gmail.com,hash1,Daniel García,1,2011-07-09,Femenino,49,116,{},2004-09-23,2005-06-08,2004-12-10
53,35,daniel,juan@gmail.com,hash1,Daniel García,3,2006-02-05,Femenino,214,88,{},1991-08-01,2002-12-10,2015-05-26
54,61,fernando,daniel@gmail.com,hash2,Juan Pérez,1,1991-12-13,Femenino,72,85,{},2000-04-22,2019-11-28,1998-11-16
55,154,daniel,daniel@gmail.com,hash2,Fernando López,2,2017-03-20,Masculino,27,63,{},2012-10-04,2011-12-22,2014-08-21
56,107,daniel,juan@gmail.com,hash3,Juan Pérez,3,2010-01-01,Femenino,153,81,{},2005-11-08,2011-04-02,2002-06-25
57,45,juan,daniel@gmail.com,hash1,Fernando López,3,2001-09-09,Masculino,156,181,{},1995-08-14,1990-08-26,2010-10-16
58,71,fernando,fernando@gmail.com,hash1,Daniel García,3,2002-09-17,Masculino,225,68,{},1996-06-03,2018-01-06,1992-07-21
59,79,fernando,juan@gmail.com,hash1,Juan Pérez,2,1999-07-27,Femenino,234,47,{},2005-01-29,2018-09-28,1994-04-26
60,194,daniel,juan@gmail.com,hash1,Fernando López,1,2006-09-13,Masculino,68,167,{},2005-12-21,2018-05-20,2013-03-02
61,72,juan,fernando@gmail.com,hash3,Juan Pérez,3,1997-02-26,Masculino,207,56,{},2016-06-09,2015-09-09,2014-05-29
62,108,juan,juan@gmail.com,hash2,Juan Pérez,2,2006-03-09,Masculino,183,190,{},1996-05-23,2002-02-10,1995-06-30
63,113,fernando,fernando@gmail.com,hash1,Fernando López,2,2000-06-17,Femenino,18,22,{},2001-04-03,2012-07-04,2016-06-09
64,159,juan,juan@gmail.com,hash2,Juan Pérez,2,2012-04-01,Masculino,88,190,{},2019-03-17,2017-03-22,2002-05-19
65,10,daniel,daniel@gmail.com,hash2,Fernando López,2,2012-05-11,Femenino,112,129,{},1998-10-31,2009-04-15,2019-09-20
66,12,fernando,fernando@gmail.com,hash3,Daniel García,3,2011-02-25,Masculino,84,35,{},2010-07-10,2014-11-12,1996-01-10
67,47,fernando,daniel@gmail.com,hash1,Fernando López,3,2009-03-20,Femenino,34,67,{},2019-02-18,1998-11-04,2010-12-15
68,48,daniel,juan@gmail.com,hash3,Juan Pérez,1,1995-08-14,Masculino,179,70,{},2006-06-11,2013-02-07,1993-01-14
69,45,daniel,fernando@gmail.com,hash2,Juan Pérez,1,2018-08-05,Masculino,98,36,{},2006-11-20,1991-05-28,2016-11-09
70,37,juan,fernando@gmail.com,hash3,Daniel García,1,2000-11-16,Femenino,72,84,{},1994-02-24,2019-06-14,1994-02-05
71,136,fernando,daniel@gmail.com,hash1,Juan Pérez,2,2013-01-09,Masculino,111,92,{},1999-01-13,2015-05-10,1990-10-22
72,22,daniel,juan@gmail.com,hash1,Daniel García,3,1999-05-10,Masculino,238,102,{},1997-08-30,1990-10-27,2015-07-20
73,49,juan,juan@gmail.com,hash2,Fernando López,1,1996-12-14,Femenino,184,170,{},2008-12-15,2016-06-22,1998-07-01
74,175,fernando,daniel@gmail.com,hash3,Juan Pérez,1,2012-08-08,Masculino,183,71,{},2001-01-14,2008-03-18,2005-03-24
75,89,daniel,juan@gmail.com,hash2,Fernando López,3,2009-05-09,Femenino,192,124,{},1997-05-15,2017-04-17,2011-03-16
76,85,juan,daniel@gmail.com,hash2,Juan Pérez,1,2006-07-19,Femenino,205,173,{},2001-09-01,2006-11-23,1995-05-29
77,23,daniel,fernando@gmail.com,hash2,Juan Pérez,2,2019-03-05,Femenino,17,8,{},1998-04-22,2010-02-25,2000-04-12
78,5,fernando,fernando@gmail.com,hash2,Juan Pérez,2,2017-12-19,Masculino,19,152,{},1991-09-27,1998-08-05,1997-11-18
79,98,juan,fernando@gmail.com,hash3,Daniel García,3,2018-05-21,Masculino,114,181,{},2015-04-07,2006-12-15,2012-05-22
80,88,daniel,juan@gmail.com,hash1,Juan Pérez,2,2017-04-24,Femenino,182,3,{},1991-08-29,2015-11-15,1991-03-24
81,33,juan,juan@gmail.com,hash3,Daniel García,3,2018-12-15,Femenino,158,33,{},2005-06-10,2018-06-17,2000-04-06
82,10,fernando,juan@gmail.com,hash3,Daniel García,1,2004-07-19,Femenino,191,120,{},2000-10-19,2008-09-14,2013-04-05
83,189,fernando,daniel@gmail.com,hash1,Daniel García,3,2012-01-16,Femenino,58,2,{},1995-12-12,2004-02-14,1998-03-02
84,120,fernando,juan@gmail.com,hash3,Fernando López,2,1996-01-20,Femenino,13,67,{},2010-04-28,2000-01-23,2011-08-16
85,61,daniel,fernando@gmail.com,hash3,Daniel García,2,1997-03-30,Masculino,86,111,{},2007-10-22,2017-05-27,2007-07-21
86,7,daniel,fernando@gmail.com,hash3,Fernando López,2,2014-12-22,Masculino,44,145,{},1998-04-19,2014-09-22,1990-02-05
87,59,daniel,juan@gmail.com,hash3,Juan Pérez,2,2016-10-12,Masculino,13,101,{},2000-02-08,2013-06-22,2010-10-23
88,127,juan,daniel@gmail.com,hash3,Daniel García,3,2007-11-30,Masculino,54,137,{},2012-03-04,2013-01-08,1993-09-30
89,79,fernando,juan@gmail.com,hash1,Fernando López,2,2015-08-03,Masculino,3,151,{},2006-12-04,1998-08-10,2014-04-20
90,134,fernando,fernando@gmail.com,hash2,Juan Pérez,2,2019-04-21,Femenino,142,91,{},2008-02-22,2007-10-04,1996-01-22
91,14,daniel,fernando@gmail.com,hash3,Fernando López,1,1990-12-14,Masculino,113,134,{},1997-09-23,2001-10-28,2009-01-20
92,147,daniel,fernando@gmail.com,hash2,Daniel García,2,2002-12-05,Masculino,237,181,{},2016-07-04,1999-12-07,2000-08-28
93,116,daniel,daniel@gmail.com,hash3,Daniel García,2,2016-08-16,Masculino,104,2,{},2014-08-26,2007-04-02,2004-11-02
94,149,daniel,fernando@gmail.com,hash1,Fernando López,2,2011-04-19,Femenino,98,10,{},2012-04-27,1997-05-30,2014-12-25
95,52,juan,fernando@gmail.com,hash2,Daniel García,2,2013-09-23,Femenino,172,189,{},2015-05-07,1991-05-01,2010-10-12
96,77,fernando,fernando@gmail.com,hash1,Juan Pérez,3,2010-03-07,Femenino,168,57,{},2017-04-11,2003-07-09,1999-11-01
97,181,fernando,juan@gmail.com,hash2,Fernando López,2,2010-07-21,Femenino,64,26,{},1994-05-29,2017-06-23,1992-06-28
98,117,juan,daniel@gmail.com,hash3,Fernando López,1,1993-10-07,Femenino,103,19,{},2001-09-29,1998-11-27,2015-09-20
99,159,daniel,fernando@gmail.com,hash3,Juan Pérez,3,1994-01-21,Masculino,126,160,{},2007-10-15,2006-10-21,2001-05-13
100,166,daniel,juan@gmail.com,hash2,Fernando López,2,2003-12-11,Masculino,70,84,{},2017-09-30,1990-07-19,2012-11-26
101,192,juan,daniel@gmail.com,hash3,Fernando López,1,2017-09-24,Masculino,164,151,{},2014-11-09,1996-09-20,2013-06-07
102,147,daniel,juan@gmail.com,hash2,Juan Pérez,2,2008-05-17,Masculino,209,52,{},1996-05-23,2004-12-17,1999-07-02
103,131,daniel,fernando@gmail.com,hash1,Fernando López,1,1996-01-21,Femenino,16,155,{},1990-08-23,1992-08-03,2010-12-08
104,106,fernando,daniel@gmail.com,hash1,Fernando López,3,2017-04-30,Femenino,196,26,{},1999-01-20,1998-04-14,1996-03-29
105,184,juan,juan@gmail.com,hash2,Juan Pérez,3,2003-11-23,Masculino,204,13,{},2009-05-17,2017-01-29,1994-08-05
106,168,juan,daniel@gmail.com,hash2,Juan Pérez,3,1999-09-18,Femenino,50,40,{},1997-02-09,1994-08-03,2010-08-26
107,65,fernando,juan@gmail.com,hash2,Daniel García,2,1992-08-22,Femenino,15,192,{},2008-07-07,2012-01-08,1997-09-19
108,4,fernando,fernando@gmail.com,hash3,Juan Pérez,1,1999-01-21,Femenino,141,55,{},2014-10-28,1998-05-17,2002-07-16
109,26,fernando,fernando@gmail.com,hash2,Juan Pérez,3,2013-05-18,Femenino,158,181,{},2019-03-09,1997-01-13,2019-10-24
110,78,fernando,fernando@gmail.com,hash1,Juan Pérez,1,2014-01-07,Femenino,168,172,{},2002-11-28,2002-05-26,2017-12-08
111,55,daniel,juan@gmail.com,hash3,Fernando López,1,2003-12-18,Femenino,119,105,{},1991-02-05,2000-06-17,2016-04-02
112,87,fernando,juan@gmail.com,hash2,Juan Pérez,1,2011-02-23,Masculino,221,84,{},2013-02-17,2015-10-19,1999-02-26
113,151,daniel,daniel@gmail.com,hash1,Juan Pérez,2,2008-12-14,Femenino,123,79,{},2013-04-12,2015-12-15,2002-01-09
114,165,fernando,daniel@gmail.com,hash3,Daniel García,1,2011-03-18,Masculino,93,99,{},2016-11-05,2017-04-16,1997-05-05
115,35,juan,daniel@gmail.com,hash2,Juan Pérez,1,1990-01-05,Masculino,101,104,{},1997-02-13,2015-05-02,1994-04-28
116,162,juan,daniel@gmail.com,hash2,Juan Pérez,1,1994-05-12,Femenino,127,16,{},2018-03-21,2018-05-24,1995-01-02
117,87,fernando,fernando@gmail.com,hash1,Juan Pérez,1,2012-11-10,Femenino,235,149,{},1999-07-26,2010-08-15,1990-01-05
118,128,juan,juan@gmail.com,hash3,Juan Pérez,3,2019-10-28,Masculino,23,73,{},2002-01-18,1996-03-05,2019-09-13
119,78,juan,daniel@gmail.com,hash1,Fernando López,3,2009-01-10,Femenino,81,39,{},2010-06-23,2000-08-07,2004-07-26
120,35,fernando,daniel@gmail.com,hash1,Fernando López,2,2006-03-30,Masculino,219,163,{},2007-08-25,1992-04-23,2012-10-26
121,136,daniel,fernando@gmail.com,hash3,Fernando López,1,1994-04-21,Masculino,218,113,{},1997-03-12,2014-12-11,2015-03-25
122,38,juan,daniel@gmail.com,hash3,Fernando López,1,2003-06-10,Masculino,179,189,{},2019-04-20,1997-09-22,2013-03-30
123,100,daniel,daniel@gmail.com,hash1,Juan Pérez,2,1994-04-28,Masculino,71,70,{},1995-06-27,2004-03-12,1992-02-09
124,165,fernando,fernando@gmail.com,hash1,Fernando López,1,2007-10-21,Femenino,71,114,{},1992-03-15,1992-04-18,2008-10-29
125,33,daniel,fernando@gmail.com,hash3,Juan Pérez,2,2019-09-29,Masculino,187,34,{},1992-05-03,2012-09-11,2005-06-27
126,184,fernando,fernando@gmail.com,hash3,Fernando López,3,2019-05-20,Masculino,156,75,{},2008-08-11,2009-04-16,1995-05-04
127,30,daniel,daniel@gmail.com,hash1,Fernando López,2,2003-08-04,Masculino,99,62,{},2015-07-19,2001-06-30,2012-06-30
128,3,fernando,fernando@gmail.com,hash3,Juan Pérez,3,1991-12-24,Masculino,184,94,{},1993-02-14,2010-07-19,2009-07-16
129,126,fernando,fernando@gmail.com,hash3,Fernando López,3,2001-09-07,Masculino,21,10,{},2000-04-19,2012-07-04,2017-07-25
130,107,juan,juan@gmail.com,hash1,Fernando López,1,2017-03-09,Masculino,165,159,{},2014-04-20,2005-11-13,2001-05-27
131,33,juan,daniel@gmail.com,hash3,Juan Pérez,3,2002-11-20,Femenino,234,194,{},1995-10-09,2002-04-10,2007-11-12
132,17,daniel,fernando@gmail.com,hash3,Daniel García,3,1992-03-10,Femenino,166,100,{},2007-12-11,2002-09-27,1999-11-04
133,162,daniel,fernando@gmail.com,hash2,Fernando López,1,2018-01-10,Masculino,98,115,{},1998-08-20,1995-05-20,2003-03-04
134,26,fernando,juan@gmail.com,hash3,Juan Pérez,3,2016-08-23,Femenino,1,82,{},2006-02-22,1997-04-22,2016-05-22
135,64,juan,fernando@gmail.com,hash3,Daniel García,1,1996-04-03,Masculino,223,0,{},2012-01-25,1992-01-19,2014-07-30
136,188,fernando,daniel@gmail.com,hash1,Fernando López,3,2014-10-21,Femenino,96,97,{},2013-08-05,1990-05-24,2018-07-29
137,119,fernando,juan@gmail.com,hash1,Fernando López,3,1991-05-02,Masculino,177,171,{},2005-03-27,2015-08-21,1995-01-26
138,74,daniel,daniel@gmail.com,hash3,Juan Pérez,2,2005-06-18,Femenino,247,14,{},2013-10-17,1993-08-28,2001-06-10
139,120,fernando,daniel@gmail.com,hash1,Daniel García,2,2009-05-23,Masculino,100,117,{},2004-10-15,1995-11-11,2012-03-20
140,96,fernando,daniel@gmail.com,hash1,Daniel García,2,1999-09-07,Femenino,231,178,{},2018-06-12,2006-08-30,2009-03-16
141,197,fernando,juan@gmail.com,hash3,Daniel García,3,2017-01-06,Masculino,73,106,{},2017-04-02,1995-09-24,2012-11-27
142,56,juan,fernando@gmail.com,hash2,Fernando López,2,1995-02-14,Femenino,227,21,{},1999-03-24,1994-09-09,1992-02-22
143,174,juan,fernando@gmail.com,hash1,Juan Pérez,2,2001-07-19,Masculino,137,68,{},2007-10-24,2018-12-21,2015-12-03
144,120,fernando,daniel@gmail.com,hash1,Fernando López,1,1990-12-03,Femenino,63,7,{},1990-08-18,1994-03-07,2006-06-03
145,81,fernando,juan@gmail.com,hash2,Fernando López,1,2019-01-13,Femenino,188,53,{},2019-09-19,2017-11-25,2017-04-22
146,159,daniel,fernando@gmail.com,hash3,Daniel García,3,2019-06-23,Masculino,22,15,{},2007-01-20,2006-10-07,1991-09-24
147,155,daniel,daniel@gmail.com,hash1,Fernando López,2,1997-12-25,Masculino,196,61,{},2018-02-03,1990-06-07,2007-12-15
148,152,fernando,juan@gmail.com,hash2,Daniel García,1,2011-10-24,Femenino,76,165,{},2019-03-16,1994-11-05,2000-09-11
149,124,juan,juan@gmail.com,hash3,Juan Pérez,3,1998-05-02,Masculino,70,9,{},2012-09-06,1990-05-31,1990-07-15
150,54,daniel,juan@gmail.com,hash3,Fernando López,2,1997-07-12,Femenino,222,81,{},2016-01-07,2018-12-05,1996-08-13
151,154,fernando,fernando@gmail.com,hash1,Juan Pérez,2,2014-12-02,Femenino,148,53,{},2003-02-22,2019-02-16,1999-01-14
152,110,fernando,juan@gmail.com,hash3,Daniel García,1,1993-06-23,Masculino,39,156,{},1990-09-15,2002-04-02,1999-01-04
153,6,fernando,juan@gmail.com,hash3,Fernando López,2,2008-10-27,Femenino,216,47,{},2017-02-23,2005-06-20,1991-02-20
154,1,juan,daniel@gmail.com,hash1,Juan Pérez,2,2006-08-02,Masculino,105,180,{},2008-11-06,1994-05-02,2002-11-19
155,112,juan,juan@gmail.com,hash2,Fernando López,2,1995-05-22,Masculino,119,134,{},1999-09-29,2018-04-30,1997-01-19
156,161,daniel,daniel@gmail.com,hash3,Juan Pérez,3,1994-01-07,Femenino,79,47,{},2002-10-30,2018-03-31,2013-01-25
157,104,juan,daniel@gmail.com,hash1,Fernando López,1,1998-10-28,Masculino,28,167,{},2015-05-31,2004-06-25,2009-10-08
158,110,fernando,fernando@gmail.com,hash3,Juan Pérez,2,2007-12-27,Femenino,176,3,{},1992-05-27,2003-05-29,2008-08-22
159,65,daniel,fernando@gmail.com,hash1,Daniel García,1,2013-12-18,Femenino,116,28,{},1996-12-09,1998-06-25,1998-11-13
160,106,daniel,fernando@gmail.com,hash2,Juan Pérez,3,1993-12-15,Femenino,100,134,{},1994-07-15,2012-10-05,1992-08-30
161,112,juan,juan@gmail.com,hash2,Juan Pérez,2,2013-12-03,Masculino,31,109,{},1996-08-19,2015-04-30,1998-08-06
162,148,juan,juan@gmail.com,hash3,Juan Pérez,2,1992-07-08,Masculino,54,172,{},1993-01-13,1995-06-25,1995-03-23
163,119,fernando,daniel@gmail.com,hash2,Fernando López,3,2006-03-23,Femenino,156,195,{},2007-02-03,2019-01-11,1996-01-14
164,164,juan,fernando@gmail.com,hash3,Juan Pérez,3,1990-01-08,Masculino,121,34,{},1999-06-21,1993-06-21,1990-12-18
165,175,daniel,daniel@gmail.com,hash2,Daniel García,2,1999-11-25,Femenino,141,190,{},1997-03-26,2002-11-11,2012-01-26
166,104,juan,fernando@gmail.com,hash3,Daniel García,1,2019-07-15,Masculino,54,177,{},1996-01-26,1997-07-01,1997-08-11
167,95,fernando,juan@gmail.com,hash3,Fernando López,2,2014-05-18,Masculino,215,125,{},1996-08-29,2014-07-03,1996-10-25
168,187,fernando,daniel@gmail.com,hash2,Daniel García,3,2013-09-03,Femenino,231,12,{},1997-03-08,1993-08-05,1995-10-28
169,149,fernando,juan@gmail.com,hash1,Fernando López,2,1994-11-09,Femenino,160,12,{},1992-07-29,1990-05-23,2002-01-05
170,7,juan,daniel@gmail.com,hash3,Juan Pérez,2,2010-08-08,Femenino,8,149,{},2015-03-28,2019-07-10,2010-06-14
171,84,juan,juan@gmail.com,hash3,Fernando López,2,2012-05-02,Femenino,212,138,{},2002-04-24,1992-08-27,1996-05-29
172,19,daniel,juan@gmail.com,hash1,Daniel García,2,1992-10-18,Masculino,12,46,{},2000-08-20,1991-11-07,1997-04-05
173,157,juan,juan@gmail.com,hash1,Daniel García,2,2009-12-10,Femenino,221,20,{},2000-02-08,2008-08-23,2006-08-26
174,180,fernando,fernando@gmail.com,hash1,Juan Pérez,2,2012-11-08,Masculino,15,193,{},2000-09-18,1990-06-08,2001-09-02
175,86,juan,fernando@gmail.com,hash1,Juan Pérez,3,2015-12-01,Femenino,19,12,{},2009-05-21,2015-03-21,2016-04-25
176,168,daniel,fernando@gmail.com,hash2,Daniel García,2,2014-07-11,Femenino,21,86,{},1991-10-21,1991-06-02,2013-08-06
177,2,daniel,juan@gmail.com,hash1,Fernando López,1,2006-09-24,Masculino,221,184,{},2017-07-28,2002-09-04,2014-05-08
178,41,fernando,juan@gmail.com,hash1,Daniel García,2,2014-03-15,Masculino,223,37,{},2004-05-18,2014-10-22,2016-09-05
179,96,daniel,daniel@gmail.com,hash3,Daniel García,3,1993-06-29,Masculino,100,64,{},2005-06-10,1999-04-14,2011-05-01
180,63,daniel,fernando@gmail.com,hash3,Juan Pérez,2,2018-12-10,Masculino,32,104,{},2001-09-17,2009-08-14,1991-03-10
181,88,daniel,daniel@gmail.com,hash2,Juan Pérez,1,1991-07-24,Femenino,93,69,{},1997-09-22,2017-06-29,2000-10-17
182,15,daniel,daniel@gmail.com,hash2,Daniel García,3,1994-06-19,Femenino,76,135,{},2017-12-26,2006-10-05,1997-05-25
183,21,fernando,juan@gmail.com,hash1,Juan Pérez,1,2002-12-25,Masculino,43,165,{},2016-07-22,2009-03-07,1991-07-09
184,33,juan,fernando@gmail.com,hash2,Fernando López,3,1996-03-03,Masculino,77,102,{},1997-11-27,2002-09-29,2013-08-04
185,96,fernando,daniel@gmail.com,hash2,Daniel García,3,2007-02-03,Femenino,101,40,{},1999-04-27,2016-08-17,1999-11-11
186,93,daniel,fernando@gmail.com,hash3,Daniel García,2,2019-05-01,Masculino,166,119,{},2005-11-08,1994-07-21,2005-07-08
187,83,fernando,fernando@gmail.com,hash2,Juan Pérez,1,2001-09-03,Femenino,139,36,{},2017-11-22,2003-01-04,2014-07-25
188,124,juan,daniel@gmail.com,hash1,Juan Pérez,3,2002-01-22,Masculino,165,115,{},2009-12-19,1995-11-24,2013-07-08
189,9,daniel,daniel@gmail.com,hash3,Juan Pérez,1,1996-01-08,Femenino,248,158,{},2018-07-20,1992-06-17,1996-12-17
190,186,juan,daniel@gmail.com,hash2,Juan Pérez,2,2000-04-21,Femenino,25,21,{},1996-03-21,2017-06-07,2013-10-08
191,27,daniel,juan@gmail.com,hash3,Juan Pérez,1,1994-08-12,Masculino,215,11,{},1992-05-09,1992-07-04,1994-01-10
192,39,daniel,daniel@gmail.com,hash1,Fernando López,2,2008-03-12,Femenino,16,111,{},2001-03-22,1995-11-05,2013-12-20
193,50,daniel,juan@gmail.com,hash1,Fernando López,3,2011-08-27,Femenino,242,170,{},2007-08-06,2003-08-27,2007-01-13
194,175,daniel,daniel@gmail.com,hash2,Fernando López,2,1994-03-01,Masculino,195,180,{},1990-01-26,1995-12-16,1996-10-09
195,12,daniel,juan@gmail.com,hash3,Daniel García,2,2013-06-28,Femenino,231,167,{},2001-10-26,2003-01-18,2010-04-24
196,93,fernando,fernando@gmail.com,hash1,Juan Pérez,3,2019-08-12,Femenino,27,139,{},1990-10-25,1993-02-26,2017-03-11
197,172,juan,fernando@gmail.com,hash1,Fernando López,3,2015-02-27,Masculino,64,198,{},1999-08-06,2005-02-26,1997-09-28
198,74,juan,fernando@gmail.com,hash2,Juan Pérez,3,2001-03-11,Femenino,87,4,{},2013-03-31,2019-09-04,2009-09-25
199,47,daniel,daniel@gmail.com,hash1,Daniel García,1,1994-01-26,Masculino,92,148,{},1992-06-01,1991-03-14,2002-01-08
200,100,daniel,fernando@gmail.com,hash3,Fernando López,1,2002-09-16,Masculino,249,30,{},1999-08-18,1998-11-25,2009-10-24
201,178,juan,daniel@gmail.com,hash2,Daniel García,1,2015-05-31,Femenino,32,43,{},1994-08-22,2011-11-03,2002-06-02
202,181,fernando,juan@gmail.com,hash1,Daniel García,1,1994-06-11,Masculino,12,52,{},2016-04-21,1999-04-17,1996-10-13
203,32,fernando,fernando@gmail.com,hash1,Fernando López,3,1997-11-12,Femenino,153,111,{},2014-06-22,2002-03-12,2002-08-22
204,11,daniel,juan@gmail.com,hash2,Fernando López,1,2010-10-22,Masculino,102,129,{},2014-08-04,1991-07-25,2016-02-25
205,154,daniel,fernando@gmail.com,hash1,Juan Pérez,2,2007-09-12,Femenino,49,149,{},2017-06-09,2016-09-12,2008-02-11
206,175,juan,juan@gmail.com,hash1,Fernando López,1,2017-08-19,Femenino,216,146,{},2016-08-14,2002-06-12,1992-03-30
207,190,daniel,juan@gmail.com,hash1,Juan Pérez,1,2007-02-24,Masculino,56,110,{},2014-08-08,2001-07-02,2001-03-13
208,73,juan,juan@gmail.com,hash3,Juan Pérez,2,2001-04-26,Femenino,25,188,{},2016-04-15,2012-05-10,1990-05-01
209,106,juan,fernando@gmail.com,hash1,Fernando López,2,2015-03-28,Masculino,182,174,{},1998-05-05,1994-09-21,2019-08-02
210,145,fernando,daniel@gmail.com,hash1,Juan Pérez,3,2013-12-07,Masculino,228,132,{},2014-10-22,1999-12-24,1997-10-22
211,146,juan,fernando@gmail.com,hash3,Daniel García,1,2002-11-30,Femenino,55,197,{},1999-12-08,1991-03-29,1990-11-20
212,142,juan,fernando@gmail.com,hash1,Daniel García,3,2014-05-25,Femenino,72,162,{},2008-05-07,1995-02-16,1991-09-06
213,4,fernando,daniel@gmail.com,hash3,Fernando López,2,2006-02-23,Masculino,83,174,{},2014-05-11,2000-06-10,2015-05-21
214,170,juan,juan@gmail.com,hash2,Juan Pérez,3,2001-03-18,Masculino,195,135,{},1991-09-18,2014-09-30,2004-05-25
215,164,juan,fernando@gmail.com,hash3,Fernando López,2,1999-10-02,Masculino,51,138,{},2007-11-24,2016-04-16,2000-02-27
216,116,fernando,juan@gmail.com,hash1,Daniel García,3,2019-06-25,Masculino,194,27,{},1990-12-07,1995-08-25,2010-01-31
217,185,daniel,daniel@gmail.com,hash2,Juan Pérez,3,2003-11-16,Masculino,89,13,{},2010-12-16,1999-01-21,2017-04-01
218,8,juan,daniel@gmail.com,hash1,Juan Pérez,2,1996-01-09,Femenino,14,51,{},1993-04-11,2003-09-10,2017-03-31
219,183,juan,juan@gmail.com,hash2,Fernando López,3,2012-08-05,Masculino,209,137,{},1996-11-26,2016-04-21,2016-02-28
220,126,daniel,daniel@gmail.com,hash1,Juan Pérez,2,2017-07-28,Femenino,61,21,{},1996-05-27,2016-02-02,2016-07-01
221,19,fernando,fernando@gmail.com,hash3,Daniel García,3,2018-02-01,Femenino,92,148,{},2010-03-15,1992-12-06,2015-08-02
222,27,daniel,daniel@gmail.com,hash3,Daniel García,2,1990-08-27,Femenino,170,145,{},2009-06-21,2019-08-07,2019-10-24
223,73,fernando,fernando@gmail.com,hash3,Daniel García,3,1997-11-21,Masculino,189,168,{},1992-11-08,1991-08-28,2001-03-16
224,157,fernando,fernando@gmail.com,hash2,Daniel García,3,1990-12-26,Femenino,10,186,{},1996-08-24,2018-05-20,1998-06-16
225,113,juan,fernando@gmail.com,hash3,Juan Pérez,3,1999-07-06,Femenino,108,195,{},1990-11-01,2009-07-31,1997-02-24
226,84,fernando,juan@gmail.com,hash1,Fernando López,1,1997-04-03,Masculino,58,195,{},1995-12-19,2017-10-05,2007-01-27
227,30,daniel,daniel@gmail.com,hash1,Fernando López,1,2007-08-17,Masculino,119,122,{},1995-12-19,2009-07-13,2014-07-19
228,18,daniel,juan@gmail.com,hash1,Fernando López,2,2014-05-25,Femenino,153,25,{},1992-05-06,1995-10-08,2019-07-27
229,118,daniel,fernando@gmail.com,hash2,Fernando López,1,1996-08-07,Masculino,111,104,{},2010-10-27,2010-01-22,1991-01-31
230,133,daniel,daniel@gmail.com,hash2,Fernando López,3,1999-09-08,Femenino,150,155,{},1991-11-12,2012-07-26,2016-12-08
231,118,fernando,daniel@gmail.com,hash2,Juan Pérez,1,1995-12-13,Masculino,91,6,{},2001-07-18,2000-08-17,2011-02-18
232,190,daniel,fernando@gmail.com,hash1,Daniel García,1,1997-06-04,Masculino,179,66,{},1994-12-03,2019-02-01,2002-11-26
233,25,juan,fernando@gmail.com,hash1,Juan Pérez,3,2003-12-02,Femenino,196,104,{},1995-09-05,2007-05-09,2017-11-08
234,82,fernando,fernando@gmail.com,hash1,Fernando López,1,2015-07-23,Masculino,156,53,{},2015-07-20,1990-05-12,2012-08-27
235,154,fernando,fernando@gmail.com,hash2,Juan Pérez,1,2008-06-24,Femenino,243,99,{},2003-06-13,2000-09-25,1998-07-04
236,125,daniel,daniel@gmail.com,hash1,Daniel García,1,2016-01-07,Masculino,185,170,{},2006-01-23,2003-04-06,1995-07-09
237,14,daniel,juan@gmail.com,hash1,Fernando López,1,2017-03-30,Femenino,94,200,{},2012-04-15,1997-06-26,1993-02-20
238,187,fernando,daniel@gmail.com,hash3,Juan Pérez,3,1993-10-16,Masculino,209,122,{},2002-07-03,2013-01-05,2009-09-23
239,19,juan,daniel@gmail.com,hash2,Daniel García,1,2015-06-07,Masculino,243,60,{},1998-07-22,2016-01-19,2010-05-31
240,192,juan,juan@gmail.com,hash3,Fernando López,1,2015-03-05,Masculino,229,144,{},1993-08-30,1992-02-20,2010-10-18
241,85,juan,juan@gmail.com,hash3,Daniel García,2,2014-09-10,Masculino,170,173,{},2013-10-18,2018-10-25,2006-07-05
242,125,daniel,fernando@gmail.com,hash3,Fernando López,2,1990-12-04,Masculino,124,13,{},1992-07-12,1996-11-26,1991-02-23
243,25,daniel,fernando@gmail.com,hash3,Fernando López,1,2001-10-05,Femenino,93,125,{},2003-12-29,2015-09-05,1999-08-04
244,193,fernando,fernando@gmail.com,hash1,Juan Pérez,2,1994-10-12,Femenino,45,30,{},2006-10-27,2014-07-16,2005-12-26
245,148,daniel,juan@gmail.com,hash2,Daniel García,3,2012-05-03,Masculino,144,7,{},2000-04-28,1994-07-13,2008-03-17
246,31,juan,juan@gmail.com,hash3,Fernando López,3,1990-03-28,Masculino,237,170,{},2009-05-18,1999-11-30,2000-02-26
247,60,daniel,daniel@gmail.com,hash1,Juan Pérez,1,1999-06-05,Masculino,32,151,{},2017-06-21,2014-11-30,2000-11-08
248,59,daniel,daniel@gmail.com,hash2,Fernando López,3,2002-10-19,Masculino,182,120,{},1997-10-18,1998-02-24,2019-12-18
249,4,daniel,juan@gmail.com,hash2,Fernando López,3,1993-06-23,Femenino,250,130,{},2001-01-22,1994-02-11,1990-12-29
250,11,fernando,daniel@gmail.com,hash1,Juan Pérez,1,1995-04-25,Masculino,30,42,{},1996-08-28,2002-11-19,2018-08-16
251,151,juan,daniel@gmail.com,hash2,Fernando López,3,2007-09-10,Masculino,188,81,{},1993-07-08,1995-07-25,2011-10-19
252,130,daniel,daniel@gmail.com,hash1,Juan Pérez,1,2001-03-12,Masculino,121,67,{},2006-03-17,2003-06-15,2006-02-26
253,169,juan,juan@gmail.com,hash1,Fernando López,3,1997-04-04,Femenino,34,158,{},2019-03-30,1994-07-09,2007-12-28
254,74,juan,juan@gmail.com,hash2,Daniel García,2,1993-03-22,Masculino,106,32,{},2016-02-08,1997-07-24,2010-10-12
255,151,fernando,juan@gmail.com,hash2,Daniel García,2,1990-06-12,Masculino,186,187,{},2006-12-16,1999-09-27,2010-03-06
256,36,juan,fernando@gmail.com,hash1,Daniel García,2,2012-06-02,Masculino,236,73,{},2012-07-08,2016-06-03,1999-05-06
257,49,fernando,fernando@gmail.com,hash1,Daniel García,2,1992-05-09,Femenino,68,3,{},2001-10-20,1991-09-29,1994-01-07
258,199,fernando,juan@gmail.com,hash3,Daniel García,2,1993-08-31,Femenino,163,162,{},2014-02-25,1995-11-15,1990-05-21
259,43,fernando,daniel@gmail.com,hash3,Fernando López,2,2003-12-17,Femenino,239,79,{},2017-09-07,2009-07-21,2017-08-07
260,147,daniel,juan@gmail.com,hash1,Daniel García,2,1996-04-13,Masculino,63,74,{},2013-05-06,2006-08-16,1990-11-04
261,98,daniel,daniel@gmail.com,hash3,Juan Pérez,3,2000-05-21,Femenino,103,74,{},1998-03-30,1998-12-11,1996-07-04
262,48,daniel,juan@gmail.com,hash1,Fernando López,1,2015-07-05,Masculino,3,81,{},2002-09-27,2007-10-30,2018-06-22
263,146,fernando,juan@gmail.com,hash1,Juan Pérez,2,2001-02-08,Femenino,58,186,{},2014-11-06,2018-12-25,1990-03-26
264,190,juan,juan@gmail.com,hash2,Daniel García,1,2013-01-16,Masculino,9,104,{},2007-10-01,2002-02-22,2007-11-22
265,82,juan,daniel@gmail.com,hash1,Fernando López,3,1991-06-27,Femenino,216,185,{},2012-12-11,2015-12-30,2012-09-16
266,52,juan,fernando@gmail.com,hash3,Juan Pérez,2,2019-02-05,Masculino,133,35,{},2009-05-02,1993-03-01,2008-01-20
267,112,daniel,daniel@gmail.com,hash2,Fernando López,3,2014-11-15,Femenino,226,68,{},2001-08-27,1993-10-15,2000-01-04
268,32,fernando,fernando@gmail.com,hash3,Fernando López,2,2004-03-05,Femenino,61,143,{},2004-09-06,2013-06-16,2014-07-03
269,88,juan,juan@gmail.com,hash3,Daniel García,3,2013-11-02,Masculino,178,122,{},2005-04-17,1996-08-25,2014-09-16
270,172,juan,daniel@gmail.com,hash3,Fernando López,3,2004-08-06,Masculino,122,30,{},2009-03-30,1999-05-06,2011-10-10
271,12,fernando,fernando@gmail.com,hash3,Juan Pérez,3,2011-12-27,Masculino,244,86,{},2000-11-20,1997-09-29,2011-07-27
272,30,daniel,fernando@gmail.com,hash1,Fernando López,1,2001-11-10,Masculino,135,143,{},2000-08-12,2011-10-18,2017-08-20
273,10,fernando,daniel@gmail.com,hash3,Daniel García,3,1990-12-24,Masculino,36,191,{},1991-08-12,2017-04-09,2019-05-03
274,31,daniel,daniel@gmail.com,hash1,Daniel García,1,1998-12-21,Femenino,11,11,{},2007-05-14,2009-02-28,2016-04-24
275,20,fernando,daniel@gmail.com,hash1,Juan Pérez,3,2010-07-16,Masculino,150,125,{},1994-07-24,2001-06-11,2019-02-05
276,82,daniel,juan@gmail.com,hash3,Juan Pérez,3,2018-05-12,Femenino,121,162,{},2009-01-14,2004-06-15,2013-12-12
277,116,fernando,daniel@gmail.com,hash2,Juan Pérez,3,1995-09-27,Femenino,7,24,{},2005-03-23,2001-03-23,2001-05-12
278,55,fernando,daniel@gmail.com,hash1,Juan Pérez,2,1994-07-21,Femenino,197,33,{},2008-09-09,2014-10-28,2012-05-26
279,50,juan,daniel@gmail.com,hash2,Daniel García,3,1995-08-07,Masculino,110,132,{},2011-03-15,2013-08-07,2011-03-04
280,16,juan,daniel@gmail.com,hash2,Fernando López,3,1992-09-16,Femenino,43,190,{},2017-08-27,2010-05-08,2008-05-23
281,20,daniel,daniel@gmail.com,hash1,Juan Pérez,3,2000-08-24,Masculino,155,124,{},2019-09-08,2004-09-21,2007-05-25
282,142,daniel,juan@gmail.com,hash1,Daniel García,1,2003-07-01,Masculino,217,182,{},2018-03-15,1991-08-20,2012-09-09
283,163,juan,juan@gmail.com,hash2,Daniel García,1,1993-02-09,Femenino,24,170,{},2017-11-01,1992-03-17,2001-08-03
284,100,juan,daniel@gmail.com,hash3,Daniel García,1,2015-07-17,Femenino,50,135,{},2011-09-25,1994-10-28,2014-07-31
285,141,fernando,daniel@gmail.com,hash1,Juan Pérez,2,1990-10-08,Masculino,33,17,{},1995-05-23,2002-04-11,1994-08-06
286,145,daniel,fernando@gmail.com,hash1,Juan Pérez,1,2018-05-23,Masculino,182,66,{},2016-12-01,2019-06-17,2013-02-19
287,29,juan,daniel@gmail.com,hash1,Daniel García,1,2001-05-20,Masculino,118,160,{},1999-04-11,2006-09-10,2015-12-05
288,166,daniel,daniel@gmail.com,hash1,Juan Pérez,3,2019-02-15,Femenino,230,10,{},2005-07-05,1995-10-09,2014-03-24
289,83,daniel,juan@gmail.com,hash1,Fernando López,2,2001-12-24,Femenino,179,5,{},2003-08-21,2013-09-26,1992-04-11
290,164,fernando,daniel@gmail.com,hash1,Juan Pérez,2,2016-12-31,Masculino,74,115,{},2007-07-09,1998-12-05,1993-12-01
291,5,juan,daniel@gmail.com,hash3,Fernando López,2,2008-11-22,Masculino,217,146,{},2015-10-06,1997-08-08,1994-05-01
292,105,daniel,fernando@gmail.com,hash1,Daniel García,1,1997-08-06,Femenino,170,154,{},1991-06-30,1995-08-02,2011-10-31
293,30,juan,fernando@gmail.com,hash1,Juan Pérez,3,2011-12-13,Femenino,120,127,{},2009-08-06,1998-09-10,2018-04-12
294,105,fernando,juan@gmail.com,hash3,Juan Pérez,3,2003-01-12,Masculino,32,85,{},2003-05-21,2003-05-17,2017-04-15
295,111,daniel,fernando@gmail.com,hash1,Fernando López,3,1991-10-25,Femenino,221,60,{},2007-01-08,2002-12-29,1997-04-02
296,110,fernando,daniel@gmail.com,hash2,Juan Pérez,3,2015-09-25,Masculino,113,20,{},1994-05-25,1998-05-26,1995-05-29
297,175,daniel,daniel@gmail.com,hash3,Juan Pérez,2,1997-11-30,Masculino,249,171,{},2003-07-02,1999-06-04,2019-02-16
298,195,fernando,fernando@gmail.com,hash3,Fernando López,3,1991-06-22,Masculino,114,1,{},2009-05-29,2018-06-16,2014-05-07
299,45,juan,fernando@gmail.com,hash1,Juan Pérez,2,2006-03-13,Masculino,108,7,{},2009-04-28,1996-10-13,2015-12-11
300,193,juan,juan@gmail.com,hash2,Fernando López,2,1991-06-11,Masculino,193,129,{},1996-11-19,1998-03-08,2018-07-13
301,105,juan,daniel@gmail.com,hash2,Fernando López,2,2019-12-18,Femenino,231,168,{},2015-01-21,2006-12-12,1993-12-25
302,184,fernando,daniel@gmail.com,hash3,Daniel García,1,1996-09-30,Masculino,195,167,{},2001-01-30,2017-11-02,1997-11-18
303,150,daniel,juan@gmail.com,hash1,Daniel García,2,1990-11-01,Femenino,176,16,{},2008-03-31,2000-02-03,1990-10-25
304,57,fernando,juan@gmail.com,hash2,Fernando López,1,2017-06-18,Masculino,136,43,{},2000-07-04,2002-06-28,2007-08-05
305,149,fernando,juan@gmail.com,hash1,Juan Pérez,2,2008-07-13,Masculino,187,129,{},2018-03-07,2010-11-19,2014-12-30
306,19,daniel,fernando@gmail.com,hash1,Juan Pérez,3,1994-07-03,Masculino,210,130,{},2000-03-20,2008-01-07,2013-02-25
307,29,juan,daniel@gmail.com,hash3,Juan Pérez,2,2000-12-08,Femenino,238,153,{},1997-03-08,2004-01-17,2014-08-25
308,118,fernando,fernando@gmail.com,hash2,Daniel García,2,2009-09-01,Masculino,69,200,{},1992-01-24,1997-10-03,2000-10-28
309,138,juan,fernando@gmail.com,hash3,Daniel García,3,2002-07-05,Masculino,154,10,{},2009-07-23,2010-01-02,1999-04-23
310,5,juan,juan@gmail.com,hash2,Daniel García,3,1993-04-19,Femenino,15,159,{},2016-09-29,2001-12-26,2000-10-10
311,166,daniel,fernando@gmail.com,hash2,Juan Pérez,2,2010-09-26,Masculino,160,177,{},1992-06-29,2009-04-19,2007-04-14
312,81,daniel,fernando@gmail.com,hash1,Juan Pérez,1,2015-01-24,Femenino,52,143,{},2000-04-20,2009-07-13,2010-02-18
313,31,fernando,juan@gmail.com,hash2,Juan Pérez,3,2001-02-15,Femenino,78,47,{},2008-02-16,1994-03-15,2006-03-03
314,50,daniel,fernando@gmail.com,hash3,Juan Pérez,2,2015-02-03,Femenino,227,155,{},2019-02-27,1993-02-14,2010-02-01
315,61,daniel,fernando@gmail.com,hash3,Juan Pérez,3,1991-01-06,Femenino,133,158,{},2000-09-05,2015-03-14,2002-08-15
316,179,juan,daniel@gmail.com,hash1,Fernando López,1,2009-06-03,Masculino,241,155,{},1990-10-21,1991-06-28,1997-05-12
317,188,juan,juan@gmail.com,hash1,Juan Pérez,1,1990-04-20,Masculino,240,17,{},1999-03-14,1991-04-03,2018-01-25
318,176,daniel,fernando@gmail.com,hash1,Daniel García,3,1993-02-17,Masculino,111,79,{},2018-05-12,2004-06-04,2011-03-10
319,155,daniel,fernando@gmail.com,hash3,Fernando López,2,1999-06-11,Femenino,170,61,{},1993-01-04,2001-08-13,2017-01-07
320,189,juan,juan@gmail.com,hash1,Juan Pérez,2,2015-01-24,Femenino,33,112,{},2015-08-12,1997-09-05,2014-07-19
321,8,daniel,daniel@gmail.com,hash1,Fernando López,2,2012-01-12,Masculino,244,156,{},1996-08-26,2017-11-18,1991-09-26
322,7,fernando,daniel@gmail.com,hash1,Juan Pérez,1,2010-09-12,Masculino,61,65,{},2009-06-16,2019-01-20,1994-11-24
323,143,fernando,daniel@gmail.com,hash2,Fernando López,2,2014-03-10,Masculino,4,111,{},1998-09-29,2018-12-02,2017-01-02
324,83,juan,juan@gmail.com,hash1,Juan Pérez,3,2002-02-24,Femenino,102,42,{},2010-04-25,1994-03-13,2009-01-07
325,59,juan,juan@gmail.com,hash3,Fernando López,1,2015-12-02,Femenino,174,5,{},2012-11-18,2016-02-19,2019-12-23
326,3,juan,daniel@gmail.com,hash2,Fernando López,2,2015-12-05,Masculino,176,134,{},1994-03-02,1992-05-10,2016-03-27
327,85,daniel,daniel@gmail.com,hash1,Juan Pérez,1,2006-07-21,Masculino,231,103,{},2010-09-22,2015-06-15,1999-04-19
328,149,juan,fernando@gmail.com,hash2,Juan Pérez,2,1997-12-24,Femenino,61,191,{},2013-06-03,1990-02-07,2013-02-16
329,101,fernando,juan@gmail.com,hash1,Juan Pérez,1,2008-04-13,Femenino,96,38,{},1999-08-22,1991-12-05,2019-03-01
330,23,fernando,fernando@gmail.com,hash1,Fernando López,2,2004-11-17,Femenino,190,27,{},2019-07-05,2000-02-25,2010-07-30
331,60,daniel,juan@gmail.com,hash1,Daniel García,2,1997-03-05,Masculino,231,95,{},1996-02-20,2006-07-20,1993-09-04
332,75,fernando,fernando@gmail.com,hash3,Daniel García,2,2004-11-01,Femenino,163,115,{},2019-03-06,2000-04-25,2018-08-06
333,33,fernando,fernando@gmail.com,hash1,Daniel García,2,2009-09-28,Femenino,174,165,{},2019-05-25,1998-11-23,1990-01-15
334,144,juan,fernando@gmail.com,hash3,Juan Pérez,2,1999-07-24,Femenino,141,173,{},2000-01-14,2018-09-26,2017-12-07
335,66,juan,juan@gmail.com,hash1,Daniel García,3,2019-02-06,Masculino,63,75,{},2013-08-23,1997-12-14,1992-07-02
336,112,fernando,fernando@gmail.com,hash2,Fernando López,1,2019-09-11,Femenino,46,161,{},2011-10-11,2018-11-01,2002-06-14
337,9,daniel,juan@gmail.com,hash3,Juan Pérez,1,1994-01-04,Femenino,141,74,{},2019-06-20,2001-11-29,2015-01-09
338,113,fernando,juan@gmail.com,hash1,Fernando López,3,2003-03-26,Femenino,166,99,{},2006-02-15,1995-03-11,1995-09-24
339,6,fernando,daniel@gmail.com,hash1,Daniel García,2,2007-04-28,Femenino,238,76,{},1991-07-16,1990-09-02,2011-06-17
340,126,daniel,daniel@gmail.com,hash1,Juan Pérez,2,2006-06-10,Masculino,17,37,{},2009-03-21,2019-05-29,2001-08-29
341,43,fernando,daniel@gmail.com,hash1,Juan Pérez,2,2005-04-19,Femenino,119,88,{},2009-12-19,2005-11-04,2003-01-22
342,33,juan,fernando@gmail.com,hash3,Daniel García,2,2015-06-23,Femenino,34,17,{},2015-12-09,1993-06-13,2017-02-14
343,64,juan,daniel@gmail.com,hash3,Juan Pérez,2,1994-09-05,Masculino,35,111,{},2014-08-15,2003-05-29,2007-02-23
344,90,daniel,daniel@gmail.com,hash3,Fernando López,3,1991-11-18,Femenino,62,46,{},2006-11-17,2008-02-16,2004-09-04
345,30,fernando,juan@gmail.com,hash1,Fernando López,1,1997-04-07,Masculino,121,63,{},2011-12-23,2009-08-29,2012-04-21
346,35,daniel,fernando@gmail.com,hash3,Juan Pérez,2,1997-01-14,Masculino,95,154,{},2002-10-01,2008-10-05,2009-12-12
347,148,fernando,fernando@gmail.com,hash2,Fernando López,2,1996-04-30,Femenino,81,120,{},2011-08-20,2013-12-09,2004-08-13
348,164,fernando,fernando@gmail.com,hash1,Juan Pérez,3,1992-10-17,Masculino,138,155,{},2011-01-07,2001-10-22,2000-03-13
349,191,juan,daniel@gmail.com,hash1,Juan Pérez,1,1999-12-15,Masculino,120,95,{},1997-07-16,1997-04-22,1992-11-28
350,126,daniel,daniel@gmail.com,hash1,Daniel García,2,1997-03-24,Femenino,41,101,{},1998-02-04,1995-12-27,2003-03-13
351,77,fernando,juan@gmail.com,hash1,Fernando López,2,2009-10-30,Femenino,191,62,{},1998-07-20,1997-10-07,2015-05-25
352,160,juan,juan@gmail.com,hash2,Fernando López,2,2018-10-11,Femenino,206,4,{},1998-02-19,2015-07-05,2008-03-15
353,125,daniel,fernando@gmail.com,hash1,Daniel García,1,1999-02-14,Masculino,135,183,{},2006-07-23,2003-08-11,2007-07-24
354,135,juan,daniel@gmail.com,hash2,Fernando López,3,2018-01-11,Femenino,214,151,{},1993-04-25,2009-08-22,2019-07-11
355,197,fernando,fernando@gmail.com,hash2,Juan Pérez,2,2000-12-15,Masculino,158,134,{},1992-05-16,1993-11-03,2006-03-13
356,175,daniel,fernando@gmail.com,hash3,Daniel García,1,2000-05-17,Femenino,46,87,{},2016-02-06,1992-10-27,2009-12-05
357,128,juan,juan@gmail.com,hash3,Fernando López,1,1996-09-20,Femenino,0,66,{},1996-01-10,1995-11-25,2015-03-18
358,37,fernando,fernando@gmail.com,hash1,Daniel García,3,1992-03-15,Masculino,22,151,{},2000-01-15,2018-11-16,2010-11-10
359,158,daniel,daniel@gmail.com,hash3,Juan Pérez,3,1993-10-06,Masculino,140,61,{},1997-12-25,1994-08-07,2001-04-14
360,16,juan,daniel@gmail.com,hash3,Juan Pérez,3,2015-06-20,Femenino,16,130,{},2002-03-19,1992-04-26,2019-01-07
361,19,daniel,juan@gmail.com,hash1,Juan Pérez,1,1990-03-30,Femenino,20,86,{},2008-12-26,2008-03-06,1996-08-30
362,115,daniel,fernando@gmail.com,hash1,Daniel García,3,2012-01-28,Femenino,113,67,{},2001-11-22,1995-04-11,2004-09-12
363,45,juan,juan@gmail.com,hash1,Juan Pérez,2,2001-05-29,Femenino,197,192,{},2002-11-07,2014-05-07,2003-09-20
364,11,daniel,daniel@gmail.com,hash2,Daniel García,3,2000-01-27,Femenino,146,58,{},2006-03-30,2009-08-28,2008-04-09
365,172,daniel,juan@gmail.com,hash1,Juan Pérez,3,1990-01-03,Masculino,189,93,{},2005-11-06,1990-05-07,2005-08-03
366,65,daniel,fernando@gmail.com,hash1,Fernando López,2,1995-08-12,Masculino,218,30,{},2004-01-28,2012-09-17,1992-07-02
367,49,fernando,fernando@gmail.com,hash2,Daniel García,3,2018-03-23,Femenino,116,89,{},2007-01-15,1992-08-30,1993-10-02
368,193,juan,daniel@gmail.com,hash2,Daniel García,2,2007-04-04,Femenino,79,152,{},1998-07-16,2001-09-13,2014-01-02
369,20,juan,fernando@gmail.com,hash3,Juan Pérez,2,2011-11-22,Masculino,173,170,{},1991-12-12,2006-09-20,2005-06-05
370,11,fernando,daniel@gmail.com,hash1,Daniel García,2,1994-07-25,Femenino,65,145,{},2002-01-19,1996-08-10,2000-06-30
371,174,fernando,fernando@gmail.com,hash1,Juan Pérez,1,1992-08-28,Femenino,184,18,{},2003-06-23,2000-04-01,1994-05-13
372,194,daniel,daniel@gmail.com,hash3,Juan Pérez,2,1992-05-21,Femenino,39,126,{},2016-04-26,2004-02-25,2006-07-04
373,55,juan,juan@gmail.com,hash2,Juan Pérez,1,1994-01-03,Masculino,209,179,{},2006-03-04,2002-07-22,1997-05-03
374,32,fernando,juan@gmail.com,hash3,Daniel García,2,1990-11-19,Femenino,72,171,{},1991-09-25,2006-07-13,2000-03-08
375,180,daniel,fernando@gmail.com,hash2,Daniel García,3,2012-03-03,Femenino,132,101,{},2015-10-18,2014-08-25,2017-11-22
376,164,daniel,daniel@gmail.com,hash3,Fernando López,2,2018-05-05,Femenino,225,186,{},2004-01-29,2003-09-23,1998-02-01
377,13,daniel,daniel@gmail.com,hash2,Fernando López,2,2006-02-27,Masculino,214,193,{},1994-04-16,2002-05-22,1992-05-10
378,169,fernando,juan@gmail.com,hash2,Juan Pérez,3,2016-08-20,Femenino,224,111,{},2000-02-26,2003-03-30,2007-07-24
379,149,juan,juan@gmail.com,hash2,Daniel García,3,2012-12-19,Masculino,56,44,{},1998-02-16,2012-01-04,2005-06-04
380,40,juan,daniel@gmail.com,hash1,Daniel García,2,2004-10-26,Masculino,41,159,{},1990-01-05,2001-10-18,2008-01-26
381,46,fernando,juan@gmail.com,hash2,Daniel García,1,1998-03-02,Masculino,35,90,{},1998-07-22,2018-11-14,1991-12-21
382,67,daniel,fernando@gmail.com,hash3,Daniel García,1,2016-09-08,Femenino,244,116,{},2012-10-12,1994-04-06,1998-07-23
383,151,daniel,fernando@gmail.com,hash3,Juan Pérez,3,1997-02-12,Femenino,248,173,{},2011-10-05,1992-02-04,1995-05-01
384,58,fernando,juan@gmail.com,hash2,Fernando López,1,2016-10-08,Femenino,45,11,{},1996-02-13,2015-09-26,1993-01-23
385,85,daniel,fernando@gmail.com,hash3,Fernando López,1,2010-05-07,Femenino,65,37,{},1997-11-02,2017-09-05,2016-03-17
386,194,juan,daniel@gmail.com,hash2,Daniel García,3,2007-12-15,Femenino,61,87,{},1998-03-14,1997-04-08,2000-04-07
387,10,juan,juan@gmail.com,hash3,Fernando López,2,2010-04-25,Masculino,130,81,{},2007-07-09,2002-07-07,2013-08-12
388,129,fernando,fernando@gmail.com,hash1,Juan Pérez,3,1999-01-22,Masculino,211,134,{},2011-05-26,2006-04-26,1995-01-06
389,116,daniel,daniel@gmail.com,hash3,Daniel García,1,1993-02-13,Femenino,240,60,{},2008-12-09,2003-12-06,1997-04-15
390,113,daniel,fernando@gmail.com,hash1,Fernando López,3,2011-06-20,Femenino,75,23,{},2009-07-10,2018-03-19,1995-11-22
391,14,daniel,juan@gmail.com,hash2,Juan Pérez,1,1996-09-24,Masculino,97,54,{},1992-12-18,2010-12-11,1998-09-22
392,137,fernando,fernando@gmail.com,hash1,Daniel García,1,2018-10-25,Femenino,132,130,{},2017-07-10,1994-04-15,2009-04-19
393,186,juan,juan@gmail.com,hash3,Fernando López,1,2008-05-16,Masculino,76,55,{},2014-04-01,2002-07-23,2002-01-14
394,156,daniel,daniel@gmail.com,hash1,Juan Pérez,3,2001-11-17,Femenino,42,43,{},2013-01-16,2019-12-20,2019-08-07
395,120,juan,daniel@gmail.com,hash1,Daniel García,2,2017-10-13,Masculino,170,188,{},1994-02-28,1990-08-06,2000-01-01
396,61,juan,fernando@gmail.com,hash3,Juan Pérez,1,1991-02-02,Femenino,244,138,{},1992-06-16,2010-12-31,2013-11-29
397,141,juan,juan@gmail.com,hash2,Daniel García,3,2005-10-11,Femenino,171,39,{},2016-03-11,2016-02-22,2007-05-24
398,56,fernando,juan@gmail.com,hash1,Juan Pérez,3,1994-03-11,Femenino,203,87,{},1990-03-08,1995-01-01,2013-10-04
399,196,fernando,fernando@gmail.com,hash2,Fernando López,1,2004-07-28,Femenino,144,167,{},1994-03-03,2007-03-16,2019-08-29
400,54,fernando,fernando@gmail.com,hash2,Fernando López,3,2010-02-03,Masculino,137,109,{},2009-06-04,1990-09-01,2003-02-26
401,102,juan,fernando@gmail.com,hash3,Daniel García,3,2009-06-06,Femenino,219,34,{},2000-07-02,2009-02-26,1997-06-02
402,100,juan,daniel@gmail.com,hash1,Daniel García,3,2000-02-19,Femenino,231,7,{},2009-11-13,1999-08-10,1999-03-08
403,94,daniel,juan@gmail.com,hash1,Juan Pérez,2,2018-05-09,Femenino,191,81,{},2005-05-20,2012-08-03,1992-09-08
404,117,daniel,fernando@gmail.com,hash2,Daniel García,1,2000-06-12,Femenino,129,184,{},2005-06-23,1997-01-31,2017-10-07
405,68,daniel,juan@gmail.com,hash1,Fernando López,2,1990-02-02,Femenino,205,173,{},1991-07-12,2015-02-05,2017-11-01
406,92,fernando,daniel@gmail.com,hash1,Juan Pérez,2,2001-07-13,Masculino,98,194,{},1996-03-28,2013-11-20,1990-05-12
407,120,daniel,juan@gmail.com,hash3,Juan Pérez,1,2011-04-03,Masculino,33,120,{},1994-08-01,2008-12-30,1994-04-19
408,118,fernando,daniel@gmail.com,hash2,Fernando López,2,1995-01-02,Femenino,135,1,{},2001-09-28,2019-12-20,2001-06-04
409,59,fernando,fernando@gmail.com,hash1,Daniel García,1,2010-06-03,Masculino,75,24,{},1990-03-07,2005-03-04,2002-03-24
410,46,fernando,fernando@gmail.com,hash2,Fernando López,3,2016-10-10,Femenino,110,39,{},2009-01-08,1996-12-25,1995-12-14
411,155,daniel,juan@gmail.com,hash3,Daniel García,1,2012-07-08,Masculino,174,180,{},1992-09-03,2009-02-09,2017-04-28
412,174,fernando,juan@gmail.com,hash2,Juan Pérez,1,2001-08-31,Femenino,56,120,{},2016-10-12,2001-11-28,2010-05-17
413,86,juan,fernando@gmail.com,hash2,Juan Pérez,2,2008-04-06,Femenino,241,72,{},2007-08-13,1998-05-18,2009-09-18
414,144,fernando,juan@gmail.com,hash3,Fernando López,1,1995-01-02,Masculino,65,37,{},2007-09-08,2014-11-10,2019-05-17
415,133,fernando,juan@gmail.com,hash1,Juan Pérez,1,2014-04-27,Masculino,183,187,{},1990-12-20,1999-08-24,2010-08-05
416,104,daniel,daniel@gmail.com,hash3,Juan Pérez,2,2019-08-10,Masculino,246,194,{},2013-06-05,2014-10-23,1997-04-20
417,27,juan,daniel@gmail.com,hash2,Juan Pérez,2,2010-05-01,Femenino,228,170,{},1990-04-25,2012-12-01,2012-01-29
418,190,fernando,daniel@gmail.com,hash3,Daniel García,2,2017-12-17,Masculino,120,154,{},1994-05-24,2006-07-02,2009-09-28
419,57,daniel,daniel@gmail.com,hash2,Juan Pérez,2,2015-09-15,Masculino,185,126,{},1992-04-01,1993-07-28,1994-07-24
420,102,juan,fernando@gmail.com,hash2,Fernando López,1,2008-08-23,Masculino,173,184,{},2018-10-28,2010-11-18,2002-08-04
421,74,daniel,daniel@gmail.com,hash1,Fernando López,2,2000-04-02,Femenino,141,173,{},2018-12-06,2005-05-12,1993-04-05
422,181,juan,juan@gmail.com,hash3,Fernando López,2,1990-09-12,Femenino,150,44,{},2010-06-02,2008-09-20,1994-10-29
423,179,fernando,daniel@gmail.com,hash2,Fernando López,2,1993-09-16,Femenino,208,98,{},2012-07-05,1991-04-10,1995-03-18
424,10,juan,daniel@gmail.com,hash3,Daniel García,2,1997-08-31,Femenino,50,66,{},2018-04-24,1999-01-01,1996-12-13
425,176,juan,juan@gmail.com,hash1,Fernando López,2,2007-06-25,Masculino,106,134,{},2008-03-28,2011-04-19,2005-12-27
426,146,juan,fernando@gmail.com,hash2,Juan Pérez,3,2015-02-26,Femenino,15,47,{},1991-01-07,2000-11-20,2009-07-05
427,135,juan,fernando@gmail.com,hash2,Juan Pérez,3,1998-08-06,Masculino,69,73,{},2001-12-07,1999-08-07,2016-01-24
428,150,fernando,juan@gmail.com,hash3,Fernando López,1,2006-11-01,Masculino,189,53,{},1993-08-11,2011-07-08,2013-04-24
429,106,daniel,juan@gmail.com,hash2,Juan Pérez,3,2010-02-24,Masculino,163,4,{},2004-05-07,2002-08-02,2016-02-14
430,21,daniel,daniel@gmail.com,hash3,Daniel García,3,2000-03-18,Femenino,108,27,{},2000-11-27,2012-01-23,2003-07-15
431,27,daniel,juan@gmail.com,hash3,Juan Pérez,2,2019-07-11,Femenino,49,9,{},2001-04-10,2015-11-28,2008-01-30
432,159,juan,daniel@gmail.com,hash3,Juan Pérez,1,1995-01-10,Femenino,87,54,{},2013-10-02,2013-01-19,2010-06-14
433,71,fernando,fernando@gmail.com,hash2,Juan Pérez,1,2000-03-31,Masculino,50,89,{},2017-11-18,2005-10-29,2019-06-14
434,35,fernando,fernando@gmail.com,hash1,Daniel García,3,2004-07-18,Femenino,46,113,{},1995-03-16,1995-11-10,2002-11-15
435,78,daniel,daniel@gmail.com,hash2,Juan Pérez,2,2012-03-25,Femenino,136,156,{},1998-08-11,2014-10-30,2003-02-21
436,65,daniel,juan@gmail.com,hash1,Juan Pérez,2,2017-03-13,Femenino,80,165,{},1994-08-23,2016-03-06,1999-05-01
437,56,juan,juan@gmail.com,hash1,Juan Pérez,3,1994-02-01,Masculino,246,175,{},1996-06-19,1993-04-26,1991-10-30
438,1,daniel,juan@gmail.com,hash3,Juan Pérez,2,1997-09-27,Masculino,1,58,{},2011-09-29,1998-06-15,2009-04-26
439,55,daniel,daniel@gmail.com,hash1,Juan Pérez,1,2017-02-03,Masculino,127,59,{},2015-04-19,1994-07-26,2003-02-20
440,96,daniel,fernando@gmail.com,hash2,Fernando López,1,2019-03-26,Masculino,219,35,{},1990-11-26,1992-09-19,2016-08-12
441,121,juan,fernando@gmail.com,hash1,Daniel García,2,2008-03-11,Masculino,19,7,{},2001-02-04,1997-08-15,2019-12-14
442,168,juan,juan@gmail.com,hash3,Daniel García,2,2018-12-15,Femenino,34,156,{},2005-03-21,1990-12-20,2013-06-21
443,12,juan,fernando@gmail.com,hash3,Daniel García,1,1997-10-15,Femenino,53,106,{},2019-11-28,1990-10-03,2010-02-27
444,101,fernando,juan@gmail.com,hash2,Juan Pérez,1,1998-04-12,Masculino,116,55,{},2015-12-04,1996-12-03,2008-02-03
445,127,fernando,fernando@gmail.com,hash3,Juan Pérez,3,2008-12-18,Masculino,99,24,{},2000-10-30,1998-04-28,2002-02-01
446,105,fernando,fernando@gmail.com,hash3,Daniel García,2,2008-07-30,Masculino,198,90,{},2016-04-27,2011-12-18,1997-04-23
447,97,juan,fernando@gmail.com,hash1,Fernando López,3,2012-04-05,Masculino,65,73,{},2013-01-06,2019-10-16,2019-03-09
448,131,fernando,fernando@gmail.com,hash1,Juan Pérez,2,1992-09-25,Masculino,16,133,{},2008-01-13,2003-01-22,2001-12-19
449,173,juan,daniel@gmail.com,hash2,Fernando López,1,1998-05-16,Masculino,2,140,{},1990-05-16,2015-05-07,2018-03-22
450,118,fernando,fernando@gmail.com,hash2,Juan Pérez,3,2000-09-20,Masculino,145,35,{},1995-05-12,2017-10-26,2016-12-19
451,103,daniel,daniel@gmail.com,hash3,Fernando López,1,1993-02-24,Masculino,184,31,{},2017-10-19,1992-04-24,2012-07-05
452,5,juan,juan@gmail.com,hash3,Juan Pérez,2,1992-10-06,Masculino,53,18,{},1997-02-20,2019-07-24,2011-08-26
453,197,juan,juan@gmail.com,hash1,Fernando López,3,2002-03-24,Femenino,40,178,{},1998-11-20,2002-11-14,2002-10-29
454,182,fernando,daniel@gmail.com,hash1,Daniel García,2,1996-10-11,Masculino,201,167,{},2006-12-08,1992-02-28,1997-10-06
455,126,fernando,daniel@gmail.com,hash3,Fernando López,3,2017-01-26,Masculino,136,21,{},1996-11-20,2015-10-29,2008-08-21
456,107,daniel,daniel@gmail.com,hash3,Fernando López,3,2017-08-05,Femenino,95,173,{},2003-06-25,1997-04-28,1990-05-20
457,107,daniel,juan@gmail.com,hash2,Daniel García,2,2012-11-19,Masculino,169,132,{},1996-06-11,2001-01-01,1998-03-13
458,105,fernando,juan@gmail.com,hash3,Juan Pérez,2,1994-12-25,Masculino,69,62,{},2013-10-06,2002-12-13,1996-10-11
459,177,juan,juan@gmail.com,hash1,Daniel García,2,2005-02-19,Masculino,155,50,{},1993-09-27,2011-12-04,1993-11-15
460,174,juan,fernando@gmail.com,hash2,Juan Pérez,2,2015-12-31,Masculino,87,10,{},1996-02-21,1999-11-26,2016-10-24
461,59,daniel,juan@gmail.com,hash2,Fernando López,3,1998-11-30,Masculino,31,67,{},2007-05-10,2013-02-12,2013-12-12
462,120,fernando,daniel@gmail.com,hash1,Juan Pérez,3,2009-07-05,Masculino,21,7,{},2007-01-15,2011-07-13,2016-02-13
463,72,juan,juan@gmail.com,hash1,Fernando López,2,2001-12-21,Femenino,146,41,{},2012-10-28,2018-01-19,2014-10-16
464,162,juan,fernando@gmail.com,hash3,Juan Pérez,3,2002-06-28,Masculino,79,181,{},2018-10-30,1997-07-21,1994-10-13
465,47,juan,fernando@gmail.com,hash2,Fernando López,3,2014-09-25,Masculino,76,45,{},1996-09-07,1995-05-30,1991-03-30
466,6,fernando,fernando@gmail.com,hash3,Juan Pérez,1,2012-02-12,Masculino,234,104,{},2012-01-08,1992-08-23,1992-02-03
467,20,fernando,juan@gmail.com,hash3,Fernando López,3,2005-08-21,Femenino,54,109,{},2000-12-01,2001-04-26,1996-12-05
468,19,juan,juan@gmail.com,hash2,Daniel García,2,2016-09-07,Femenino,173,165,{},1992-11-29,1993-09-19,2015-06-13
469,173,juan,fernando@gmail.com,hash1,Juan Pérez,1,1992-10-02,Femenino,240,121,{},2019-04-26,2010-08-05,2003-01-04
470,96,daniel,daniel@gmail.com,hash2,Fernando López,2,1998-07-12,Femenino,214,84,{},2008-09-16,2009-04-21,1992-09-04
471,102,fernando,fernando@gmail.com,hash2,Daniel García,3,2016-03-13,Masculino,75,195,{},2018-12-23,1997-09-12,1995-07-20
472,157,fernando,juan@gmail.com,hash1,Fernando López,1,2000-08-14,Masculino,207,142,{},1991-01-04,1990-10-10,2013-01-02
473,37,juan,fernando@gmail.com,hash3,Daniel García,1,2010-11-18,Femenino,248,64,{},2011-02-09,2009-09-04,2018-07-24
474,1,fernando,fernando@gmail.com,hash2,Daniel García,1,1999-05-30,Masculino,163,83,{},2014-06-21,1999-07-04,1993-02-23
475,195,daniel,fernando@gmail.com,hash2,Juan Pérez,2,2014-08-25,Femenino,5,125,{},2016-07-26,2008-05-22,2011-03-22
476,2,fernando,daniel@gmail.com,hash2,Juan Pérez,2,1991-12-15,Femenino,140,98,{},2000-09-10,2014-11-29,1991-12-31
477,107,daniel,fernando@gmail.com,hash3,Fernando López,1,2013-08-11,Femenino,101,135,{},1994-07-07,1990-05-29,2010-04-18
478,153,daniel,daniel@gmail.com,hash2,Juan Pérez,1,1997-12-05,Masculino,225,105,{},2012-12-06,2010-05-02,2008-04-27
479,90,juan,fernando@gmail.com,hash2,Juan Pérez,1,2019-10-03,Femenino,42,103,{},2013-04-19,1998-12-26,2008-08-09
480,82,daniel,daniel@gmail.com,hash1,Juan Pérez,2,1998-08-28,Femenino,226,144,{},2012-12-03,2000-01-02,2015-09-28
481,130,juan,fernando@gmail.com,hash3,Juan Pérez,1,2002-03-23,Masculino,229,136,{},2001-01-11,2011-10-30,2011-03-13
482,26,juan,daniel@gmail.com,hash3,Fernando López,3,2014-08-03,Masculino,70,21,{},2009-10-31,2004-09-25,2004-10-08
483,160,daniel,daniel@gmail.com,hash3,Daniel García,1,2010-10-24,Femenino,128,97,{},2016-01-03,1991-12-18,2001-11-08
484,200,fernando,daniel@gmail.com,hash3,Fernando López,1,2018-07-27,Femenino,97,129,{},2010-01-30,2007-12-07,2002-06-25
485,150,fernando,daniel@gmail.com,hash2,Daniel García,3,2000-03-15,Masculino,114,72,{},2012-05-27,1992-05-13,2009-12-18
486,175,daniel,daniel@gmail.com,hash1,Juan Pérez,2,2000-07-01,Femenino,234,7,{},2005-12-06,2019-02-24,2013-10-25
487,195,daniel,daniel@gmail.com,hash2,Daniel García,1,1990-07-27,Masculino,222,169,{},2001-11-30,2019-05-24,2000-03-26
488,93,daniel,fernando@gmail.com,hash3,Daniel García,1,1996-12-28,Femenino,138,49,{},1992-02-24,1992-01-21,2016-07-10
489,67,juan,juan@gmail.com,hash3,Juan Pérez,3,2002-03-10,Masculino,170,47,{},2016-11-03,1991-05-07,2008-11-16
490,28,juan,fernando@gmail.com,hash1,Juan Pérez,3,2018-07-25,Masculino,145,115,{},2007-02-18,2001-07-22,1994-07-02
491,67,daniel,juan@gmail.com,hash1,Fernando López,3,2001-12-04,Masculino,35,98,{},1994-09-29,1997-03-03,2004-10-21
492,90,fernando,juan@gmail.com,hash3,Daniel García,1,2012-04-17,Femenino,108,151,{},1999-08-12,2016-09-11,1995-08-22
493,13,daniel,juan@gmail.com,hash1,Juan Pérez,3,2015-10-11,Masculino,218,102,{},2018-02-27,2002-10-28,2000-10-04
494,55,fernando,juan@gmail.com,hash1,Juan Pérez,3,2016-10-11,Femenino,241,179,{},1990-09-12,2009-07-30,2000-02-10
495,184,daniel,daniel@gmail.com,hash3,Juan Pérez,3,2014-08-04,Femenino,46,19,{},2011-03-12,1996-06-07,1996-06-27
496,26,daniel,fernando@gmail.com,hash3,Juan Pérez,1,2010-05-23,Femenino,203,164,{},1995-02-13,2014-09-28,2009-11-15
497,5,fernando,fernando@gmail.com,hash1,Juan Pérez,3,1995-10-15,Masculino,0,175,{},2009-02-13,2000-10-28,2000-06-28
498,109,juan,daniel@gmail.com,hash1,Daniel García,1,2011-10-19,Femenino,80,86,{},2007-12-18,2012-03-15,2007-11-09
499,34,daniel,juan@gmail.com,hash2,Juan Pérez,2,1992-10-06,Femenino,41,138,{},2018-12-19,1996-01-05,2015-10-25
500,66,daniel,fernando@gmail.com,hash1,Fernando López,2,1996-12-05,Femenino,91,20,{},1999-01-16,2014-03-23,2006-03-22
501,109,daniel,juan@gmail.com,hash2,Daniel García,2,1990-06-24,Femenino,178,59,{},2002-12-16,2016-05-20,2011-05-05
502,116,fernando,fernando@gmail.com,hash3,Fernando López,1,1999-01-24,Masculino,23,108,{},1991-06-14,2013-11-07,2013-10-31
503,45,juan,daniel@gmail.com,hash2,Daniel García,2,1990-07-14,Femenino,84,81,{},2013-08-05,2014-06-10,1992-04-21
504,182,daniel,daniel@gmail.com,hash1,Fernando López,2,2005-10-25,Masculino,136,189,{},1997-08-20,2015-04-30,2013-02-22
505,42,fernando,juan@gmail.com,hash1,Fernando López,2,1993-02-23,Masculino,140,16,{},1999-03-06,2006-02-02,2019-04-18
506,64,fernando,juan@gmail.com,hash3,Juan Pérez,1,2013-10-09,Masculino,84,23,{},1997-04-09,2011-07-09,1997-06-29
507,172,daniel,daniel@gmail.com,hash3,Daniel García,3,1999-08-11,Femenino,147,192,{},1995-12-02,2004-02-28,2010-01-08
508,98,fernando,juan@gmail.com,hash3,Juan Pérez,1,2009-01-16,Masculino,164,65,{},2016-02-26,2016-09-06,2013-03-20
509,194,daniel,juan@gmail.com,hash2,Fernando López,2,2007-07-24,Masculino,32,28,{},2001-11-17,2006-07-19,1993-02-06
510,173,fernando,juan@gmail.com,hash2,Juan Pérez,1,1999-10-10,Masculino,187,89,{},2013-10-19,2007-04-22,2017-02-05
511,190,juan,fernando@gmail.com,hash1,Daniel García,3,1992-08-02,Femenino,52,170,{},2006-07-16,1993-05-05,2002-09-12
512,159,juan,fernando@gmail.com,hash1,Juan Pérez,2,2010-11-27,Femenino,106,200,{},2015-07-10,1994-03-21,1995-11-16
513,197,fernando,fernando@gmail.com,hash1,Fernando López,3,2001-02-06,Femenino,53,27,{},2015-07-08,2004-02-05,2002-05-27
514,181,daniel,daniel@gmail.com,hash1,Juan Pérez,3,1994-10-12,Masculino,161,47,{},2017-01-05,2001-06-19,1999-11-03
515,108,fernando,daniel@gmail.com,hash2,Daniel García,2,2003-06-13,Masculino,148,45,{},2010-06-06,2000-03-10,1995-06-17
516,111,fernando,juan@gmail.com,hash1,Juan Pérez,1,2016-07-28,Femenino,86,137,{},1998-07-18,1997-10-15,2017-04-27
517,39,daniel,juan@gmail.com,hash2,Daniel García,2,2012-09-07,Femenino,14,110,{},2009-11-26,2000-09-21,2014-08-20
518,78,fernando,juan@gmail.com,hash2,Daniel García,2,2014-09-14,Femenino,93,193,{},2003-12-01,1998-05-21,1991-03-13
519,199,daniel,juan@gmail.com,hash2,Fernando López,3,2017-04-30,Femenino,108,178,{},2002-09-01,2008-01-22,2015-06-03
520,50,fernando,daniel@gmail.com,hash1,Juan Pérez,3,1996-01-05,Masculino,184,177,{},2018-06-22,1994-02-09,2004-07-26
521,143,daniel,fernando@gmail.com,hash1,Juan Pérez,3,1997-07-30,Femenino,183,71,{},2007-08-06,2018-09-05,2015-09-12
522,35,daniel,juan@gmail.com,hash1,Fernando López,1,1997-03-30,Masculino,31,17,{},2000-04-21,1997-09-27,1990-02-18
523,58,daniel,juan@gmail.com,hash1,Juan Pérez,1,1998-07-27,Masculino,205,186,{},2005-09-14,2012-11-07,2019-07-14
524,197,daniel,daniel@gmail.com,hash3,Fernando López,1,2015-01-09,Femenino,203,59,{},1996-07-13,2016-06-08,2005-09-21
525,113,juan,daniel@gmail.com,hash2,Fernando López,2,2010-07-04,Femenino,65,119,{},2000-05-09,1994-02-26,2008-08-14
526,25,daniel,daniel@gmail.com,hash1,Fernando López,2,2010-05-29,Femenino,196,159,{},2004-01-27,2005-11-10,1992-04-30
527,31,juan,fernando@gmail.com,hash1,Juan Pérez,1,1995-04-15,Femenino,120,200,{},2003-11-02,2012-11-26,1991-09-23
528,156,juan,fernando@gmail.com,hash2,Fernando López,2,2005-11-09,Masculino,156,44,{},2007-05-18,1995-05-18,1998-08-15
529,194,juan,juan@gmail.com,hash1,Juan Pérez,3,1992-10-31,Femenino,99,72,{},2010-01-13,2008-09-20,2007-08-14
530,142,fernando,daniel@gmail.com,hash1,Juan Pérez,3,2002-12-26,Femenino,95,8,{},2001-01-29,2007-04-05,1999-07-07
531,37,daniel,fernando@gmail.com,hash2,Fernando López,3,1991-03-17,Masculino,154,46,{},2009-12-17,2015-03-11,2014-07-10
532,143,juan,fernando@gmail.com,hash1,Fernando López,1,1992-02-09,Masculino,224,69,{},1994-01-13,2007-07-01,2001-03-16
533,108,fernando,daniel@gmail.com,hash3,Daniel García,2,2006-10-14,Femenino,208,25,{},2005-11-10,2015-12-30,2010-11-03
534,115,juan,fernando@gmail.com,hash2,Daniel García,3,2004-02-06,Femenino,22,115,{},2006-01-01,1993-11-28,2012-08-12
535,38,daniel,daniel@gmail.com,hash2,Daniel García,1,2006-11-05,Femenino,97,36,{},2009-08-26,2013-03-30,2012-06-07
536,155,daniel,juan@gmail.com,hash1,Juan Pérez,1,1990-11-23,Femenino,75,159,{},1997-02-17,2007-03-21,2000-01-19
537,66,juan,daniel@gmail.com,hash1,Juan Pérez,3,2014-01-08,Masculino,19,182,{},2009-08-19,1999-08-10,2012-09-01
538,8,juan,fernando@gmail.com,hash3,Juan Pérez,1,1992-04-15,Masculino,109,58,{},2018-12-17,2015-04-19,2017-04-28
539,90,daniel,daniel@gmail.com,hash2,Daniel García,1,2009-04-20,Femenino,11,53,{},2004-11-19,1992-01-15,2004-02-09
540,150,juan,daniel@gmail.com,hash3,Fernando López,1,2019-09-28,Femenino,198,158,{},1993-10-01,2018-11-27,1999-10-18
541,0,juan,fernando@gmail.com,hash3,Fernando López,1,2017-10-04,Masculino,132,174,{},2003-06-22,1999-08-23,2002-05-27
542,125,fernando,daniel@gmail.com,hash2,Fernando López,3,1992-10-31,Masculino,209,103,{},1997-03-07,2015-12-29,2003-03-12
543,55,juan,juan@gmail.com,hash3,Daniel García,3,2004-06-05,Femenino,44,67,{},2013-09-01,2011-04-12,2005-04-07
544,162,daniel,juan@gmail.com,hash1,Juan Pérez,1,2004-11-01,Masculino,106,16,{},1999-12-04,2019-05-14,2018-01-04
545,67,fernando,fernando@gmail.com,hash3,Fernando López,1,2018-01-13,Masculino,112,165,{},1999-08-04,2002-11-08,1993-11-12
546,121,daniel,daniel@gmail.com,hash2,Daniel García,1,2018-06-19,Femenino,232,99,{},2019-09-09,2000-11-18,2000-09-02
547,99,juan,juan@gmail.com,hash2,Juan Pérez,3,1997-10-13,Masculino,113,52,{},1999-09-04,2012-10-19,2016-04-23
548,59,daniel,fernando@gmail.com,hash3,Fernando López,3,1991-07-01,Masculino,38,102,{},2014-04-13,2000-08-18,2005-01-03
549,186,fernando,juan@gmail.com,hash1,Fernando López,3,1991-12-13,Femenino,100,126,{},2005-05-07,2016-02-12,2005-07-17
550,194,juan,juan@gmail.com,hash1,Juan Pérez,2,2004-09-15,Femenino,2,54,{},2010-07-07,2013-12-31,2013-09-18
551,86,fernando,fernando@gmail.com,hash2,Juan Pérez,1,1994-12-13,Femenino,220,66,{},2010-03-31,1996-09-20,1998-04-27
552,184,fernando,juan@gmail.com,hash3,Daniel García,3,2008-01-31,Masculino,111,188,{},2001-12-20,2009-05-21,2019-03-11
553,38,daniel,daniel@gmail.com,hash2,Juan Pérez,3,1997-02-16,Masculino,238,41,{},2008-08-27,1998-03-09,2014-01-10
554,149,daniel,fernando@gmail.com,hash1,Juan Pérez,3,2014-08-24,Femenino,106,59,{},1993-07-31,2002-04-08,2013-07-28
555,36,juan,fernando@gmail.com,hash1,Juan Pérez,2,2007-09-10,Femenino,39,60,{},2004-02-28,1998-01-09,2015-06-04
556,198,fernando,daniel@gmail.com,hash1,Fernando López,1,1997-11-12,Masculino,33,60,{},2000-09-26,2000-01-23,2002-11-15
557,31,fernando,daniel@gmail.com,hash3,Daniel García,3,2004-06-29,Femenino,55,9,{},1991-03-18,2008-06-26,2008-01-20
558,133,daniel,fernando@gmail.com,hash1,Daniel García,3,2000-09-23,Femenino,197,60,{},2005-11-11,2011-02-26,2014-05-21
559,171,juan,daniel@gmail.com,hash3,Fernando López,1,2016-11-18,Masculino,192,50,{},1991-02-13,1995-04-25,2011-03-27
560,171,fernando,fernando@gmail.com,hash1,Fernando López,2,2011-06-07,Masculino,206,163,{},2013-10-18,1999-01-11,2019-06-03
561,59,fernando,fernando@gmail.com,hash2,Daniel García,2,1990-09-05,Masculino,124,198,{},1991-02-19,1991-06-17,1999-07-26
562,147,fernando,juan@gmail.com,hash1,Fernando López,3,1994-06-26,Masculino,203,112,{},2015-08-22,1996-01-16,2016-09-29
563,160,juan,juan@gmail.com,hash3,Fernando López,3,2000-04-19,Masculino,171,170,{},2013-08-27,2019-03-29,2000-01-05
564,3,fernando,daniel@gmail.com,hash1,Juan Pérez,3,2016-04-10,Femenino,206,52,{},1994-01-23,2010-10-08,2005-03-28
565,78,daniel,fernando@gmail.com,hash1,Daniel García,3,2013-05-08,Masculino,237,75,{},2012-07-11,2000-11-21,2019-06-15
566,10,fernando,fernando@gmail.com,hash1,Daniel García,3,1992-12-10,Masculino,208,72,{},1999-12-31,2007-01-17,2013-03-03
567,87,juan,juan@gmail.com,hash3,Juan Pérez,1,2000-01-04,Femenino,152,63,{},2007-06-17,2014-01-10,1995-06-11
568,190,daniel,daniel@gmail.com,hash1,Daniel García,1,2017-06-24,Femenino,101,30,{},2011-09-27,1993-10-06,2015-06-18
569,82,juan,daniel@gmail.com,hash2,Daniel García,2,2015-11-06,Femenino,207,97,{},2015-02-19,2010-05-31,2014-11-08
570,160,fernando,daniel@gmail.com,hash1,Daniel García,2,2005-05-03,Femenino,38,90,{},2019-07-11,2010-11-28,1993-09-28
571,181,fernando,fernando@gmail.com,hash2,Fernando López,2,1998-01-30,Femenino,34,135,{},1998-09-12,2006-07-25,2013-04-23
572,45,fernando,daniel@gmail.com,hash2,Daniel García,2,2016-03-02,Femenino,236,129,{},2001-02-03,2015-02-02,2014-02-03
573,119,fernando,fernando@gmail.com,hash1,Juan Pérez,2,2000-11-13,Masculino,4,101,{},2014-04-19,2016-05-28,2014-08-09
574,122,daniel,daniel@gmail.com,hash2,Fernando López,1,1990-07-07,Femenino,145,107,{},1993-06-19,2004-02-25,2012-09-28
575,53,fernando,fernando@gmail.com,hash1,Fernando López,3,1990-05-06,Femenino,179,153,{},2015-04-20,2019-09-23,1991-09-03
576,171,fernando,fernando@gmail.com,hash3,Juan Pérez,2,1998-11-12,Masculino,242,65,{},1995-08-31,2015-06-23,1994-03-15
577,19,juan,fernando@gmail.com,hash1,Daniel García,1,2013-01-14,Masculino,243,197,{},2000-04-29,1995-01-29,1990-09-22
578,79,daniel,daniel@gmail.com,hash1,Daniel García,3,1997-01-11,Femenino,46,170,{},2000-05-27,2004-05-02,2016-01-19
579,92,daniel,juan@gmail.com,hash2,Daniel García,3,2013-12-18,Femenino,73,45,{},1998-03-31,2003-12-01,1990-05-17
580,175,daniel,juan@gmail.com,hash2,Daniel García,3,2005-03-26,Femenino,84,80,{},2001-12-16,2008-05-03,2013-06-29
581,121,fernando,daniel@gmail.com,hash1,Fernando López,2,2011-12-27,Masculino,134,103,{},2016-02-05,1991-06-17,2004-06-20
582,4,juan,fernando@gmail.com,hash1,Fernando López,3,2012-09-22,Masculino,171,56,{},1992-11-30,2006-12-16,2019-11-20
583,51,daniel,fernando@gmail.com,hash3,Juan Pérez,2,2015-09-05,Masculino,228,82,{},2000-06-09,2008-01-08,2007-10-20
584,26,fernando,juan@gmail.com,hash2,Daniel García,2,2008-03-13,Femenino,67,19,{},2012-03-25,2016-09-18,1995-08-21
585,151,fernando,daniel@gmail.com,hash1,Juan Pérez,3,1991-11-29,Femenino,127,174,{},1990-02-08,1998-05-28,1993-09-08
586,190,daniel,juan@gmail.com,hash1,Fernando López,2,2000-08-09,Masculino,62,69,{},1990-02-09,2007-08-17,1990-10-29
587,14,fernando,daniel@gmail.com,hash1,Daniel García,2,2009-03-27,Masculino,63,47,{},1992-03-14,2006-04-18,2003-08-24
588,48,fernando,fernando@gmail.com,hash2,Juan Pérez,3,2000-07-22,Masculino,195,17,{},1995-12-26,1998-10-23,1992-10-21
589,184,daniel,daniel@gmail.com,hash2,Juan Pérez,1,2011-05-21,Masculino,147,122,{},2018-05-12,2007-04-02,1995-07-08
590,133,juan,juan@gmail.com,hash2,Daniel García,2,2014-12-09,Femenino,206,11,{},2019-02-14,2007-09-05,2009-10-04
591,14,fernando,juan@gmail.com,hash3,Fernando López,1,1992-03-10,Femenino,194,84,{},1994-05-29,2013-03-02,2014-09-25
592,122,fernando,daniel@gmail.com,hash1,Daniel García,2,2017-02-24,Femenino,237,48,{},2003-08-09,2017-03-06,2006-06-24
593,4,daniel,daniel@gmail.com,hash3,Juan Pérez,1,1994-09-27,Femenino,100,34,{},2009-01-17,1999-07-28,2017-06-23
594,42,juan,fernando@gmail.com,hash1,Juan Pérez,1,1998-05-01,Femenino,71,28,{},2001-05-25,2009-10-17,2004-02-02
595,182,fernando,juan@gmail.com,hash1,Juan Pérez,1,2016-02-19,Masculino,191,187,{},2000-07-19,1991-03-01,2017-04-15
596,88,fernando,daniel@gmail.com,hash1,Daniel García,2,2008-06-06,Femenino,215,72,{},1991-08-17,2007-01-21,1994-08-27
597,34,juan,juan@gmail.com,hash1,Juan Pérez,3,2007-03-29,Femenino,140,6,{},1990-05-04,2012-07-01,2017-08-11
598,110,daniel,daniel@gmail.com,hash1,Juan Pérez,2,2017-12-07,Femenino,131,7,{},2008-08-26,2002-06-25,1993-04-10
599,83,fernando,fernando@gmail.com,hash3,Daniel García,3,1998-05-11,Masculino,4,120,{},1990-04-02,2018-08-25,2014-10-13
600,146,juan,juan@gmail.com,hash3,Fernando López,2,1990-06-11,Femenino,159,61,{},2010-04-16,2015-06-14,2002-03-24
601,56,fernando,juan@gmail.com,hash3,Daniel García,1,1998-11-28,Femenino,58,147,{},1993-11-22,2013-10-13,2016-11-06
602,88,juan,juan@gmail.com,hash2,Juan Pérez,3,1990-08-19,Masculino,95,44,{},1993-08-24,2003-06-21,2009-09-11
603,35,daniel,fernando@gmail.com,hash2,Daniel García,2,2018-03-31,Masculino,206,162,{},2002-01-31,2018-02-24,1993-07-22
604,56,daniel,daniel@gmail.com,hash1,Fernando López,3,2014-03-28,Femenino,219,83,{},2019-10-07,1998-02-11,2014-09-22
605,49,fernando,fernando@gmail.com,hash3,Juan Pérez,2,2013-11-07,Masculino,92,113,{},2002-12-30,2011-07-25,1993-07-14
606,93,juan,fernando@gmail.com,hash3,Fernando López,2,2014-12-09,Masculino,215,109,{},2014-09-09,1998-06-01,1997-05-25
607,100,juan,juan@gmail.com,hash2,Daniel García,1,2006-03-20,Masculino,11,122,{},2008-05-06,2009-09-12,1996-02-29
608,55,daniel,daniel@gmail.com,hash1,Juan Pérez,2,1997-12-06,Masculino,202,171,{},1999-03-30,1992-11-03,2008-05-24
609,88,fernando,daniel@gmail.com,hash3,Daniel García,3,2001-09-10,Femenino,59,46,{},2004-05-03,2006-03-09,1997-02-06
610,122,juan,juan@gmail.com,hash2,Fernando López,2,1990-12-07,Femenino,33,120,{},2011-04-14,1990-10-20,1993-12-08
611,102,fernando,daniel@gmail.com,hash2,Daniel García,3,2012-12-19,Femenino,216,79,{},2019-11-08,1999-04-26,2012-11-04
612,141,daniel,juan@gmail.com,hash1,Fernando López,1,2012-11-27,Femenino,138,46,{},2016-07-21,1994-03-10,2003-07-29
613,122,fernando,daniel@gmail.com,hash3,Juan Pérez,2,2018-05-04,Femenino,198,120,{},1992-07-08,2019-07-04,2000-04-06
614,56,juan,juan@gmail.com,hash2,Daniel García,2,2005-12-08,Masculino,165,132,{},2007-12-11,2000-07-27,2003-07-08
615,109,fernando,daniel@gmail.com,hash1,Juan Pérez,1,1993-06-11,Femenino,86,174,{},2012-03-29,1993-05-09,2016-10-10
616,167,fernando,juan@gmail.com,hash3,Daniel García,1,1992-02-25,Femenino,45,76,{},1997-06-19,2014-06-14,2012-04-20
617,19,fernando,fernando@gmail.com,hash1,Fernando López,1,1990-03-22,Masculino,244,146,{},1999-04-10,1990-09-21,2008-09-05
618,195,fernando,fernando@gmail.com,hash2,Daniel García,3,1990-08-14,Femenino,235,4,{},2004-07-08,1994-08-02,1999-02-25
619,28,fernando,daniel@gmail.com,hash3,Juan Pérez,1,2019-09-22,Masculino,174,78,{},2018-05-23,2011-08-05,1998-06-12
620,82,juan,juan@gmail.com,hash1,Fernando López,2,1996-08-01,Masculino,56,27,{},1995-11-29,1993-03-24,1995-11-13
621,33,fernando,daniel@gmail.com,hash3,Fernando López,1,2003-12-21,Femenino,111,189,{},2013-09-02,1995-09-26,2005-08-29
622,119,fernando,juan@gmail.com,hash3,Fernando López,3,2006-05-21,Masculino,158,106,{},2001-10-27,1999-09-27,2015-04-16
623,197,daniel,juan@gmail.com,hash3,Fernando López,1,2000-07-05,Femenino,47,0,{},2019-08-20,2006-11-26,1990-03-24
624,198,juan,daniel@gmail.com,hash3,Daniel García,2,2009-03-04,Femenino,19,11,{},2006-02-27,2019-12-24,2014-03-28
625,88,daniel,juan@gmail.com,hash2,Fernando López,2,2014-09-17,Masculino,28,21,{},2006-06-07,1995-11-01,2004-09-24
626,121,daniel,juan@gmail.com,hash2,Daniel García,1,2010-01-02,Masculino,114,191,{},1996-02-14,2005-01-05,2000-05-30
627,192,juan,fernando@gmail.com,hash2,Daniel García,1,2011-04-07,Masculino,51,171,{},2007-07-01,2008-07-12,2006-10-08
628,68,daniel,juan@gmail.com,hash2,Fernando López,3,2011-05-31,Femenino,28,110,{},1990-02-17,2017-06-23,1995-08-09
629,178,daniel,fernando@gmail.com,hash1,Daniel García,1,2018-06-06,Masculino,60,9,{},2004-04-28,2007-05-25,2014-05-12
630,24,juan,daniel@gmail.com,hash2,Fernando López,2,1996-10-02,Masculino,206,157,{},2005-06-20,1999-09-13,2005-03-27
631,5,juan,juan@gmail.com,hash2,Daniel García,3,2017-03-28,Femenino,114,128,{},2003-06-25,1994-10-10,1999-12-14
632,13,fernando,juan@gmail.com,hash3,Fernando López,3,2013-08-26,Femenino,102,150,{},2003-07-21,1990-10-30,2009-05-10
633,180,juan,juan@gmail.com,hash3,Daniel García,1,2009-10-25,Femenino,240,144,{},2019-09-26,1990-12-25,2003-06-28
634,123,fernando,daniel@gmail.com,hash2,Daniel García,3,1998-02-18,Femenino,58,16,{},1993-11-10,1991-12-30,2009-12-18
635,12,daniel,daniel@gmail.com,hash3,Daniel García,2,2015-02-02,Femenino,122,181,{},2000-11-07,2017-11-14,2004-05-05
636,106,fernando,juan@gmail.com,hash2,Fernando López,2,2008-06-24,Masculino,135,171,{},2013-12-23,2012-11-13,2005-09-24
637,150,daniel,fernando@gmail.com,hash2,Fernando López,1,1998-03-23,Femenino,192,55,{},2011-09-09,2008-03-18,1997-04-06
638,150,juan,daniel@gmail.com,hash2,Juan Pérez,2,2016-03-05,Masculino,237,191,{},1990-07-13,1997-10-10,1994-07-31
639,190,fernando,fernando@gmail.com,hash1,Fernando López,1,2011-08-07,Femenino,98,162,{},2000-09-16,2018-02-20,2019-01-01
640,94,fernando,daniel@gmail.com,hash2,Fernando López,2,2019-03-16,Femenino,38,185,{},2000-07-14,2019-11-05,2016-02-24
641,93,daniel,daniel@gmail.com,hash2,Daniel García,1,2016-07-15,Femenino,195,51,{},1990-05-29,1992-03-06,2001-01-21
642,171,fernando,juan@gmail.com,hash3,Daniel García,2,2010-02-17,Femenino,245,108,{},2011-05-12,2001-04-03,1998-08-16
643,134,juan,fernando@gmail.com,hash2,Daniel García,2,1995-05-27,Masculino,130,180,{},2017-07-15,2009-03-01,2005-02-18
644,168,fernando,juan@gmail.com,hash3,Fernando López,2,2017-08-23,Masculino,54,186,{},1996-10-16,1991-04-14,2017-04-08
645,3,daniel,fernando@gmail.com,hash3,Fernando López,2,1991-01-13,Masculino,183,8,{},2019-03-01,2002-05-23,2014-06-02
646,22,juan,fernando@gmail.com,hash2,Fernando López,1,1990-04-24,Masculino,114,5,{},2010-04-10,2012-05-25,1995-08-23
647,107,fernando,daniel@gmail.com,hash3,Daniel García,3,2001-11-20,Femenino,55,16,{},2008-06-03,2007-12-14,1997-11-20
648,187,fernando,juan@gmail.com,hash1,Juan Pérez,1,2009-07-07,Femenino,161,176,{},2013-08-10,2004-12-31,2009-02-02
649,197,daniel,juan@gmail.com,hash2,Juan Pérez,2,1994-05-07,Femenino,82,69,{},1999-02-06,2016-12-31,2004-05-21
650,137,fernando,daniel@gmail.com,hash1,Fernando López,3,2014-10-07,Femenino,60,42,{},2011-11-12,2004-07-13,2010-03-23
651,130,daniel,fernando@gmail.com,hash1,Fernando López,1,2006-10-09,Masculino,15,87,{},1990-12-11,1990-10-02,1991-10-11
652,155,fernando,daniel@gmail.com,hash1,Fernando López,1,1996-07-29,Masculino,244,63,{},1995-05-04,2013-12-14,1997-05-24
653,162,daniel,daniel@gmail.com,hash2,Juan Pérez,2,2004-08-29,Masculino,195,28,{},2004-03-26,2016-10-01,2003-07-05
654,185,juan,fernando@gmail.com,hash3,Daniel García,1,1997-05-19,Femenino,121,97,{},2014-12-25,2019-10-27,2008-05-22
655,194,fernando,daniel@gmail.com,hash1,Daniel García,3,2016-12-30,Masculino,100,169,{},1994-08-04,1994-09-07,1995-01-30
656,161,daniel,fernando@gmail.com,hash2,Fernando López,2,1993-05-07,Femenino,199,20,{},2018-10-28,1997-10-22,1993-10-08
657,25,daniel,fernando@gmail.com,hash3,Daniel García,2,1992-06-11,Masculino,21,35,{},2005-07-30,2005-11-04,2007-06-27
658,159,fernando,daniel@gmail.com,hash3,Fernando López,1,2003-11-17,Femenino,221,17,{},2017-11-25,1994-06-05,2006-07-11
659,112,fernando,daniel@gmail.com,hash1,Daniel García,3,2019-02-16,Femenino,26,95,{},1995-03-01,1996-09-27,2011-08-26
660,35,daniel,fernando@gmail.com,hash1,Daniel García,1,1991-11-21,Masculino,96,183,{},1996-04-14,2013-11-24,2005-03-11
661,30,daniel,daniel@gmail.com,hash3,Fernando López,2,2009-04-29,Masculino,186,103,{},2012-08-23,1996-12-06,1993-04-26
662,32,fernando,daniel@gmail.com,hash2,Juan Pérez,1,2011-09-11,Masculino,245,82,{},1990-03-26,2019-02-28,1995-08-17
663,45,juan,daniel@gmail.com,hash3,Fernando López,3,2000-01-22,Femenino,81,36,{},2009-12-18,2006-07-21,2012-05-14
664,49,juan,juan@gmail.com,hash3,Fernando López,3,1990-02-18,Femenino,63,153,{},2005-08-16,2017-03-13,1998-11-06
665,192,daniel,juan@gmail.com,hash2,Juan Pérez,2,2019-09-16,Masculino,56,20,{},2006-03-09,1995-02-05,2015-04-11
666,117,daniel,juan@gmail.com,hash2,Juan Pérez,3,2016-04-27,Femenino,110,199,{},1997-05-20,1995-05-20,2017-06-22
667,166,juan,fernando@gmail.com,hash2,Fernando López,2,1995-10-28,Femenino,151,134,{},2003-09-21,1995-12-02,1992-06-19
668,183,fernando,juan@gmail.com,hash1,Fernando López,2,2001-05-30,Femenino,212,187,{},1993-12-02,2002-03-12,2004-04-09
669,45,fernando,daniel@gmail.com,hash2,Fernando López,1,2002-03-26,Femenino,179,138,{},2011-09-11,2015-08-04,2013-07-24
670,76,daniel,daniel@gmail.com,hash1,Juan Pérez,3,2006-03-01,Masculino,75,90,{},2017-03-02,2002-05-25,2007-02-15
671,110,juan,juan@gmail.com,hash1,Juan Pérez,3,1993-01-11,Femenino,149,146,{},2011-09-02,1995-12-10,2006-06-03
672,37,fernando,juan@gmail.com,hash3,Fernando López,1,2009-06-20,Femenino,100,49,{},2004-11-17,2000-03-07,1997-08-17
673,158,daniel,daniel@gmail.com,hash1,Fernando López,3,1990-03-27,Masculino,209,103,{},2015-01-22,2000-01-11,1995-04-16
674,169,daniel,daniel@gmail.com,hash3,Fernando López,2,2003-11-15,Masculino,182,181,{},1998-07-02,1990-08-24,1991-10-24
675,162,fernando,juan@gmail.com,hash2,Daniel García,3,1993-03-10,Femenino,229,69,{},2007-10-01,2012-09-28,1997-05-21
676,161,daniel,fernando@gmail.com,hash3,Fernando López,1,2011-02-22,Femenino,134,31,{},2016-02-13,2013-02-13,1994-12-07
677,140,daniel,fernando@gmail.com,hash2,Juan Pérez,1,2006-08-30,Masculino,93,77,{},1999-08-11,1997-06-11,2003-06-14
678,49,fernando,fernando@gmail.com,hash1,Fernando López,2,2011-02-23,Masculino,220,172,{},2002-03-05,2016-02-03,2019-12-10
679,175,juan,fernando@gmail.com,hash1,Fernando López,1,2018-02-09,Masculino,81,75,{},1998-09-11,2017-11-06,2008-06-27
680,111,juan,juan@gmail.com,hash1,Fernando López,2,1992-08-07,Femenino,234,136,{},2010-05-20,2007-02-28,2006-03-04
681,151,juan,daniel@gmail.com,hash3,Daniel García,1,1991-01-19,Masculino,34,199,{},1992-08-12,1990-03-25,2003-03-09
682,137,fernando,daniel@gmail.com,hash2,Juan Pérez,1,2003-10-12,Masculino,170,15,{},2008-05-12,2004-01-28,2019-12-11
683,57,daniel,juan@gmail.com,hash1,Fernando López,2,2014-09-16,Masculino,109,83,{},2000-12-01,2008-09-01,2003-01-25
684,0,juan,daniel@gmail.com,hash3,Fernando López,3,2019-05-15,Masculino,154,80,{},2000-07-28,2004-02-18,2006-10-29
685,142,fernando,fernando@gmail.com,hash3,Fernando López,3,2006-05-02,Femenino,214,180,{},2017-02-23,1998-07-10,2013-08-09
686,79,daniel,daniel@gmail.com,hash1,Fernando López,3,1998-04-07,Femenino,182,156,{},1993-12-05,2015-06-03,2000-09-25
687,132,juan,fernando@gmail.com,hash1,Daniel García,3,2017-04-04,Masculino,75,67,{},2011-12-21,2018-09-06,2009-01-08
688,157,daniel,juan@gmail.com,hash2,Fernando López,3,2006-07-23,Masculino,17,190,{},2005-03-21,2015-05-30,2019-03-06
689,186,daniel,fernando@gmail.com,hash3,Daniel García,3,1993-09-26,Femenino,43,124,{},2017-04-20,1992-09-04,1993-04-22
690,163,juan,daniel@gmail.com,hash3,Juan Pérez,2,1998-04-01,Masculino,99,154,{},2003-07-02,2003-04-21,1990-06-23
691,104,fernando,fernando@gmail.com,hash3,Juan Pérez,3,2015-03-03,Femenino,160,156,{},2001-10-30,2013-11-25,1995-10-25
692,51,juan,juan@gmail.com,hash2,Fernando López,1,1997-03-17,Femenino,20,29,{},2015-12-10,1995-10-21,2002-07-10
693,42,juan,daniel@gmail.com,hash1,Fernando López,1,1991-03-07,Femenino,39,25,{},2004-12-10,1992-02-21,1996-12-02
694,11,daniel,fernando@gmail.com,hash1,Fernando López,3,2000-07-16,Masculino,157,29,{},2017-11-23,2002-11-01,2015-12-25
695,94,juan,juan@gmail.com,hash3,Juan Pérez,3,2006-04-24,Masculino,29,168,{},1990-10-03,2006-10-12,2017-12-25
696,148,juan,daniel@gmail.com,hash3,Fernando López,1,2011-08-08,Masculino,23,138,{},2012-04-18,1994-02-13,2005-09-16
697,144,juan,juan@gmail.com,hash2,Juan Pérez,2,2001-07-17,Femenino,165,193,{},2018-05-25,2011-08-01,2015-05-11
698,89,daniel,fernando@gmail.com,hash2,Juan Pérez,3,1999-06-12,Masculino,181,12,{},1992-10-08,1991-10-20,1996-03-30
699,78,juan,fernando@gmail.com,hash2,Juan Pérez,2,1997-01-23,Femenino,172,129,{},2012-09-10,2006-02-24,2002-02-14
700,76,fernando,fernando@gmail.com,hash2,Juan Pérez,1,1994-01-08,Masculino,78,114,{},1999-03-25,1995-04-28,2010-05-03
701,71,juan,juan@gmail.com,hash1,Fernando López,3,1994-11-14,Femenino,167,79,{},2004-02-17,2015-08-11,2019-01-11
702,182,daniel,daniel@gmail.com,hash2,Fernando López,1,2000-07-23,Femenino,7,167,{},2016-10-11,2001-09-28,1995-09-28
703,113,daniel,daniel@gmail.com,hash1,Daniel García,2,2004-01-19,Femenino,185,125,{},2006-01-26,1990-04-10,2012-05-17
704,58,daniel,fernando@gmail.com,hash2,Daniel García,2,2019-12-18,Femenino,91,110,{},2009-07-13,2006-07-23,2007-03-28
705,189,daniel,fernando@gmail.com,hash3,Juan Pérez,1,2014-10-24,Masculino,55,88,{},1993-02-14,2003-01-21,2011-06-07
706,121,daniel,juan@gmail.com,hash2,Fernando López,3,2000-09-10,Masculino,207,81,{},2017-12-02,1991-07-20,2011-05-19
707,21,fernando,juan@gmail.com,hash3,Daniel García,1,1991-02-14,Masculino,166,96,{},2014-12-13,2001-01-05,2000-01-15
708,0,juan,juan@gmail.com,hash3,Juan Pérez,3,2018-04-21,Femenino,230,60,{},1994-05-22,1995-06-05,1996-01-02
709,175,juan,daniel@gmail.com,hash2,Daniel García,1,1998-07-09,Femenino,185,65,{},2019-09-25,2012-03-20,1999-03-18
710,35,daniel,juan@gmail.com,hash1,Fernando López,3,2002-04-12,Masculino,244,181,{},1992-03-25,1991-03-30,2005-04-17
711,142,fernando,fernando@gmail.com,hash2,Juan Pérez,1,1995-08-14,Femenino,239,33,{},2014-02-13,1997-01-13,2007-12-16
712,164,daniel,fernando@gmail.com,hash1,Daniel García,2,1991-05-22,Femenino,66,160,{},2011-11-22,1997-11-29,2009-03-10
713,178,juan,juan@gmail.com,hash2,Juan Pérez,1,1990-09-16,Femenino,115,73,{},2007-09-20,2006-07-29,2012-08-20
714,154,fernando,juan@gmail.com,hash1,Daniel García,2,2004-07-06,Masculino,216,36,{},2016-08-02,1991-02-09,2019-07-09
715,52,fernando,daniel@gmail.com,hash2,Juan Pérez,2,1997-03-09,Masculino,16,0,{},1997-04-12,1990-08-10,1992-11-25
716,33,juan,fernando@gmail.com,hash3,Juan Pérez,3,2007-06-03,Masculino,173,66,{},1990-01-24,2011-06-10,1998-10-05
717,41,daniel,daniel@gmail.com,hash2,Daniel García,2,1997-02-27,Masculino,23,14,{},1992-10-19,2018-03-02,1996-11-23
718,0,daniel,fernando@gmail.com,hash1,Fernando López,1,2005-09-01,Femenino,239,62,{},2007-08-24,2002-11-11,1991-06-12
719,29,daniel,juan@gmail.com,hash3,Juan Pérez,2,2012-06-29,Femenino,32,48,{},1997-01-11,2011-01-14,2010-02-10
720,64,juan,juan@gmail.com,hash2,Fernando López,1,1992-09-26,Femenino,122,56,{},1993-02-05,2017-06-21,2010-02-25
721,116,juan,daniel@gmail.com,hash1,Juan Pérez,3,2014-12-30,Femenino,79,180,{},2019-10-30,2017-10-12,2002-04-03
722,157,daniel,daniel@gmail.com,hash3,Fernando López,1,2006-02-12,Femenino,30,72,{},2007-07-08,2015-11-30,2001-10-05
723,20,fernando,fernando@gmail.com,hash1,Daniel García,1,2014-12-29,Masculino,154,169,{},2018-05-04,2002-09-15,2013-09-03
724,138,juan,fernando@gmail.com,hash3,Daniel García,2,1992-03-29,Femenino,208,18,{},2015-12-20,2014-04-22,1994-09-25
725,32,juan,daniel@gmail.com,hash1,Juan Pérez,1,1999-09-25,Masculino,150,2,{},2013-09-27,2002-07-18,2017-09-21
726,186,fernando,juan@gmail.com,hash1,Fernando López,3,2001-11-13,Femenino,200,173,{},1992-11-16,1996-09-22,2004-10-14
727,102,daniel,juan@gmail.com,hash3,Daniel García,1,2013-10-26,Masculino,57,127,{},2010-07-13,2004-01-09,2014-07-22
728,72,fernando,juan@gmail.com,hash1,Fernando López,1,2006-06-05,Femenino,119,138,{},2013-12-24,2016-08-11,1993-09-22
729,191,daniel,juan@gmail.com,hash2,Daniel García,3,2016-10-15,Masculino,73,75,{},2006-08-04,2018-10-16,2003-05-07
730,183,juan,juan@gmail.com,hash3,Juan Pérez,2,2002-06-13,Femenino,6,46,{},2011-10-25,2002-12-08,1996-01-08
731,33,daniel,daniel@gmail.com,hash3,Fernando López,2,1999-10-01,Masculino,188,189,{},2015-09-03,2017-11-09,2017-10-27
732,72,juan,fernando@gmail.com,hash3,Juan Pérez,1,2007-10-19,Masculino,161,44,{},1992-02-06,2002-05-08,1995-12-19
733,86,daniel,daniel@gmail.com,hash3,Daniel García,2,1991-06-18,Masculino,167,150,{},1997-03-08,2012-01-16,1991-11-19
734,18,juan,daniel@gmail.com,hash3,Daniel García,2,1992-05-02,Femenino,8,170,{},2014-03-03,2017-08-24,2008-12-05
735,90,daniel,fernando@gmail.com,hash1,Fernando López,2,2018-07-28,Masculino,182,60,{},2016-04-08,2019-12-06,2014-02-15
736,182,daniel,fernando@gmail.com,hash1,Daniel García,3,1997-07-16,Femenino,108,197,{},2008-08-04,2010-09-10,1992-07-26
737,121,juan,fernando@gmail.com,hash1,Fernando López,3,1994-02-02,Masculino,194,6,{},1992-05-10,2019-10-02,2001-01-13
738,72,fernando,daniel@gmail.com,hash2,Juan Pérez,1,1993-02-04,Femenino,102,56,{},2005-06-06,2010-04-06,2014-01-11
739,97,juan,fernando@gmail.com,hash2,Juan Pérez,1,1999-03-18,Femenino,230,175,{},2011-06-12,2015-04-12,1999-05-02
740,153,daniel,daniel@gmail.com,hash3,Juan Pérez,1,1997-09-06,Masculino,238,200,{},2012-03-27,1998-10-02,1992-06-20
741,112,fernando,daniel@gmail.com,hash2,Daniel García,1,1998-01-22,Femenino,26,161,{},2008-08-24,2015-06-13,1992-12-31
742,127,daniel,juan@gmail.com,hash3,Daniel García,3,2006-11-14,Femenino,13,88,{},2019-07-21,2003-01-06,2004-01-16
743,137,juan,daniel@gmail.com,hash3,Fernando López,1,2001-08-23,Masculino,200,107,{},2003-12-15,1993-10-13,2004-11-29
744,84,juan,juan@gmail.com,hash2,Fernando López,3,2005-08-20,Femenino,42,85,{},1995-11-27,2011-04-21,1992-06-20
745,84,juan,fernando@gmail.com,hash2,Daniel García,3,1995-10-16,Femenino,107,148,{},1997-09-15,2012-04-17,2000-11-16
746,10,daniel,juan@gmail.com,hash1,Fernando López,2,1994-05-07,Masculino,93,114,{},1999-05-05,2006-12-07,1998-04-26
747,150,fernando,daniel@gmail.com,hash1,Juan Pérez,3,1998-08-07,Masculino,152,120,{},1990-09-27,2017-04-02,1998-07-06
748,107,fernando,daniel@gmail.com,hash2,Daniel García,1,1997-02-08,Femenino,129,61,{},2001-01-27,1991-07-28,2012-02-06
749,6,fernando,juan@gmail.com,hash2,Daniel García,3,2015-08-12,Masculino,5,52,{},2010-09-20,2012-12-15,2014-05-08
750,185,juan,daniel@gmail.com,hash2,Fernando López,2,2003-07-15,Femenino,45,29,{},1992-05-02,1996-04-01,2014-01-12
751,103,fernando,juan@gmail.com,hash1,Fernando López,2,2002-12-02,Masculino,47,175,{},2001-01-26,2011-10-17,1994-06-14
752,126,daniel,daniel@gmail.com,hash1,Fernando López,1,2009-11-28,Masculino,164,76,{},2019-10-29,1993-04-17,1990-06-11
753,68,daniel,juan@gmail.com,hash1,Fernando López,2,2008-03-02,Femenino,144,134,{},2016-05-02,1994-04-09,2008-08-29
754,105,daniel,daniel@gmail.com,hash1,Fernando López,2,2006-12-12,Masculino,227,47,{},1997-03-23,1993-07-09,2015-07-10
755,86,juan,juan@gmail.com,hash1,Juan Pérez,3,1998-12-10,Masculino,243,29,{},2009-12-03,2019-06-28,1992-12-09
756,34,daniel,fernando@gmail.com,hash2,Fernando López,3,2017-08-30,Femenino,170,59,{},1992-08-29,2016-07-03,2001-08-18
757,106,daniel,fernando@gmail.com,hash3,Juan Pérez,2,2005-08-09,Femenino,165,18,{},1992-05-19,2004-05-03,1995-02-11
758,131,juan,daniel@gmail.com,hash2,Fernando López,3,2019-04-20,Femenino,127,60,{},2008-05-08,2011-08-14,2007-06-03
759,59,juan,fernando@gmail.com,hash3,Daniel García,3,1999-04-08,Masculino,40,114,{},2013-02-13,2011-12-19,2016-09-07
760,140,daniel,juan@gmail.com,hash1,Juan Pérez,3,2011-07-12,Masculino,232,70,{},1992-09-18,2019-06-10,1993-07-12
761,20,juan,daniel@gmail.com,hash3,Fernando López,3,2017-03-20,Masculino,223,159,{},1991-04-05,1990-12-01,2010-05-03
762,82,fernando,fernando@gmail.com,hash3,Juan Pérez,2,1998-02-26,Femenino,55,42,{},2012-07-31,2002-03-28,1996-02-07
763,20,juan,juan@gmail.com,hash1,Juan Pérez,3,2008-10-19,Femenino,222,192,{},2005-09-21,2006-01-23,2004-08-19
764,109,juan,fernando@gmail.com,hash1,Juan Pérez,2,2013-01-08,Masculino,108,111,{},2006-03-10,1999-11-06,2012-08-18
765,183,daniel,daniel@gmail.com,hash2,Fernando López,2,2001-08-14,Masculino,79,38,{},2006-01-14,2010-03-24,2019-12-15
766,182,juan,fernando@gmail.com,hash2,Daniel García,2,2002-02-01,Femenino,216,7,{},1996-07-04,2011-02-27,1995-04-28
767,170,daniel,fernando@gmail.com,hash2,Fernando López,1,2001-12-22,Femenino,9,172,{},2013-02-14,1999-11-02,1996-09-12
768,163,daniel,daniel@gmail.com,hash2,Daniel García,2,1995-10-27,Femenino,130,13,{},2010-03-24,2003-02-28,2008-12-02
769,70,fernando,fernando@gmail.com,hash2,Daniel García,2,2004-09-11,Masculino,97,117,{},1994-12-16,2008-06-14,2016-04-06
770,152,juan,fernando@gmail.com,hash2,Juan Pérez,2,2017-08-30,Femenino,99,107,{},2000-03-18,2013-04-23,1995-01-01
771,27,juan,fernando@gmail.com,hash1,Juan Pérez,3,2009-07-01,Femenino,112,53,{},2017-11-14,1998-11-04,2014-06-05
772,19,daniel,fernando@gmail.com,hash1,Juan Pérez,2,2019-07-05,Masculino,232,73,{},1991-02-04,1998-07-23,2007-03-25
773,50,fernando,juan@gmail.com,hash1,Daniel García,1,1994-04-05,Femenino,8,30,{},2005-02-05,1992-03-22,2010-01-01
774,111,daniel,juan@gmail.com,hash1,Juan Pérez,2,1996-09-13,Masculino,124,177,{},1998-11-22,2007-04-24,2016-11-05
775,146,juan,daniel@gmail.com,hash3,Fernando López,3,1996-03-14,Femenino,176,191,{},2001-10-14,2014-02-28,2003-03-26
776,38,fernando,fernando@gmail.com,hash2,Fernando López,1,2014-02-16,Femenino,135,30,{},2003-10-07,2017-11-23,2019-06-08
777,67,juan,fernando@gmail.com,hash3,Fernando López,2,2017-04-30,Femenino,174,184,{},2004-08-14,2016-02-06,2011-09-28
778,87,fernando,fernando@gmail.com,hash3,Fernando López,3,2018-07-29,Masculino,114,123,{},2005-11-21,2019-12-24,2006-04-09
779,25,daniel,juan@gmail.com,hash3,Daniel García,1,1998-05-19,Femenino,22,70,{},1993-12-03,2016-07-13,1997-07-20
780,8,fernando,daniel@gmail.com,hash1,Juan Pérez,2,2019-08-08,Masculino,71,141,{},2009-11-22,2000-02-27,1999-07-10
781,118,juan,juan@gmail.com,hash1,Fernando López,3,1990-01-27,Masculino,157,67,{},1992-07-02,2018-04-22,2011-02-02
782,187,fernando,daniel@gmail.com,hash1,Juan Pérez,3,1999-05-04,Masculino,170,150,{},2000-09-14,2004-05-09,2012-06-05
783,77,juan,fernando@gmail.com,hash2,Daniel García,2,2011-05-15,Femenino,27,142,{},2004-02-16,1992-08-14,2017-08-12
784,15,fernando,fernando@gmail.com,hash3,Fernando López,2,2015-11-15,Masculino,26,32,{},1991-03-19,2015-08-04,2015-03-17
785,142,fernando,daniel@gmail.com,hash3,Daniel García,3,1999-07-24,Femenino,96,73,{},1997-03-06,1991-09-03,1990-01-26
786,120,fernando,daniel@gmail.com,hash3,Daniel García,2,2007-01-28,Femenino,178,138,{},2001-11-06,2002-11-30,2001-05-26
787,13,daniel,fernando@gmail.com,hash1,Daniel García,1,2013-04-11,Masculino,90,157,{},1996-07-29,1997-10-23,1997-12-25
788,4,fernando,juan@gmail.com,hash2,Juan Pérez,3,2009-12-10,Masculino,23,124,{},2016-07-24,2005-01-20,2011-11-16
789,32,daniel,daniel@gmail.com,hash2,Juan Pérez,2,2010-03-04,Masculino,0,172,{},2019-10-11,2002-06-20,2009-07-16
790,81,fernando,fernando@gmail.com,hash1,Daniel García,2,2001-10-26,Femenino,128,182,{},1991-01-28,2018-08-15,2015-01-27
791,162,daniel,daniel@gmail.com,hash3,Fernando López,3,2019-03-03,Femenino,47,29,{},2000-05-11,2000-07-18,2006-04-19
792,24,fernando,daniel@gmail.com,hash3,Fernando López,3,2019-11-17,Masculino,12,184,{},2017-06-19,1999-04-29,2014-03-31
793,134,juan,daniel@gmail.com,hash1,Daniel García,3,2016-12-08,Masculino,232,93,{},2000-03-11,2011-01-26,2002-06-03
794,15,juan,juan@gmail.com,hash3,Juan Pérez,2,2007-11-28,Masculino,214,154,{},2009-05-05,2007-08-13,1999-08-30
795,11,juan,daniel@gmail.com,hash3,Fernando López,3,2004-11-12,Femenino,22,183,{},2005-12-24,2009-05-07,2016-09-16
796,24,daniel,juan@gmail.com,hash3,Juan Pérez,1,1994-05-11,Femenino,6,141,{},2019-12-24,1992-07-18,2002-02-14
797,175,daniel,fernando@gmail.com,hash2,Juan Pérez,2,1991-04-09,Femenino,91,181,{},2004-05-29,2003-02-15,1994-04-28
798,21,daniel,juan@gmail.com,hash1,Fernando López,2,1990-03-24,Femenino,245,19,{},2002-06-05,1993-02-07,1998-01-06
799,126,fernando,juan@gmail.com,hash3,Daniel García,1,1993-06-21,Masculino,30,159,{},2011-06-02,2001-12-21,2018-07-01
800,51,fernando,juan@gmail.com,hash3,Juan Pérez,2,2000-02-12,Femenino,161,154,{},2016-02-23,2012-12-06,2008-07-27
801,109,daniel,juan@gmail.com,hash1,Juan Pérez,3,1993-02-19,Femenino,142,0,{},1997-05-06,2005-08-11,1991-07-03
802,60,daniel,daniel@gmail.com,hash3,Daniel García,1,2008-12-19,Masculino,225,43,{},2014-01-30,2008-10-17,2018-02-13
803,32,daniel,juan@gmail.com,hash3,Daniel García,1,2016-08-24,Masculino,145,150,{},2015-07-27,1992-06-27,2017-12-01
804,129,juan,daniel@gmail.com,hash3,Daniel García,1,2010-03-23,Masculino,80,112,{},2000-10-25,2007-07-03,2001-02-02
805,39,juan,juan@gmail.com,hash1,Fernando López,1,2016-05-07,Masculino,64,187,{},1995-03-31,1995-05-04,2006-02-23
806,170,daniel,daniel@gmail.com,hash2,Fernando López,3,2016-07-06,Masculino,154,12,{},2010-04-19,2014-10-15,2017-07-23
807,41,juan,fernando@gmail.com,hash1,Juan Pérez,3,2000-04-11,Masculino,171,155,{},2010-09-28,2005-03-09,2004-07-25
808,92,fernando,juan@gmail.com,hash2,Juan Pérez,2,2016-11-10,Femenino,247,42,{},2000-11-16,2010-04-16,2013-02-25
809,142,juan,daniel@gmail.com,hash2,Juan Pérez,1,2016-11-11,Masculino,30,79,{},2017-03-10,2004-04-29,1992-07-07
810,146,fernando,juan@gmail.com,hash3,Juan Pérez,2,1997-05-10,Femenino,167,63,{},2018-07-03,2007-02-28,1990-10-22
811,131,daniel,juan@gmail.com,hash2,Fernando López,3,1992-07-02,Femenino,210,22,{},1998-11-01,2010-11-09,1992-04-27
812,109,juan,juan@gmail.com,hash2,Juan Pérez,3,2008-01-08,Femenino,60,72,{},2003-05-25,2015-09-24,2013-05-09
813,113,juan,fernando@gmail.com,hash1,Juan Pérez,2,1995-02-07,Masculino,225,73,{},1997-12-23,2019-09-10,1996-08-30
814,157,juan,daniel@gmail.com,hash1,Daniel García,1,2002-09-27,Masculino,191,193,{},2016-11-28,2017-06-03,1995-06-15
815,189,daniel,fernando@gmail.com,hash2,Daniel García,1,1991-08-31,Femenino,175,156,{},1993-08-28,2001-08-07,2009-05-11
816,46,fernando,fernando@gmail.com,hash1,Juan Pérez,2,2005-08-10,Masculino,36,163,{},1993-11-04,2005-10-30,1999-01-20
817,98,daniel,juan@gmail.com,hash2,Fernando López,2,2016-12-05,Masculino,156,48,{},2003-06-09,2008-06-11,2008-09-14
818,11,fernando,juan@gmail.com,hash3,Fernando López,1,1990-04-13,Masculino,37,179,{},2001-04-27,2008-01-06,2006-07-21
819,125,daniel,daniel@gmail.com,hash2,Daniel García,2,2006-03-08,Femenino,128,192,{},2001-06-22,2013-09-26,2009-08-16
820,7,juan,juan@gmail.com,hash2,Fernando López,2,2003-04-26,Masculino,202,137,{},2018-04-22,1998-10-08,2017-07-27
821,151,juan,daniel@gmail.com,hash2,Daniel García,1,1990-12-30,Masculino,16,16,{},1998-02-03,1992-10-30,1991-06-02
822,165,daniel,juan@gmail.com,hash3,Daniel García,3,2013-03-06,Femenino,114,116,{},2007-11-19,2013-01-21,2006-06-09
823,9,fernando,fernando@gmail.com,hash3,Juan Pérez,2,1996-10-26,Femenino,213,127,{},2000-07-18,1993-11-16,2007-05-17
824,45,juan,fernando@gmail.com,hash1,Daniel García,1,2017-02-17,Femenino,127,96,{},2014-12-07,1991-07-04,1995-10-20
825,104,fernando,daniel@gmail.com,hash1,Juan Pérez,3,2017-04-23,Masculino,209,141,{},2014-12-12,1994-08-18,1993-09-17
826,30,daniel,fernando@gmail.com,hash2,Daniel García,2,2010-07-20,Masculino,1,184,{},2013-08-07,2006-06-21,2019-10-28
827,177,daniel,juan@gmail.com,hash2,Juan Pérez,1,2009-06-03,Femenino,54,71,{},2010-11-04,1998-10-30,2015-06-05
828,60,fernando,fernando@gmail.com,hash1,Daniel García,2,2006-07-29,Femenino,178,143,{},2010-11-04,1993-07-28,2015-05-26
829,176,daniel,juan@gmail.com,hash1,Fernando López,2,1995-10-06,Femenino,165,172,{},1999-01-24,2005-09-13,2004-04-07
830,143,daniel,fernando@gmail.com,hash1,Daniel García,1,2011-09-06,Femenino,145,144,{},2011-03-22,2003-11-24,2003-09-17
831,4,juan,juan@gmail.com,hash3,Juan Pérez,3,1990-07-03,Femenino,158,26,{},2012-02-27,1993-06-20,2008-11-12
832,138,fernando,juan@gmail.com,hash2,Fernando López,2,2012-08-07,Masculino,90,153,{},1996-04-12,2011-01-01,1994-08-10
833,115,juan,daniel@gmail.com,hash1,Juan Pérez,2,2011-11-18,Femenino,188,185,{},1993-08-26,2017-01-29,1994-05-04
834,122,juan,fernando@gmail.com,hash3,Fernando López,3,1993-09-17,Masculino,37,181,{},2007-04-30,1997-03-13,1997-03-09
835,150,juan,daniel@gmail.com,hash3,Fernando López,3,2002-12-16,Femenino,197,196,{},2019-07-31,2015-04-10,1999-09-03
836,171,daniel,juan@gmail.com,hash1,Juan Pérez,2,2006-06-29,Femenino,207,116,{},1997-05-03,1992-01-05,2016-07-23
837,183,daniel,juan@gmail.com,hash3,Daniel García,2,2019-02-12,Femenino,69,172,{},2013-02-01,2011-07-12,1998-12-28
838,81,fernando,fernando@gmail.com,hash3,Juan Pérez,2,2005-10-08,Femenino,233,194,{},2000-12-27,1993-03-25,2008-09-25
839,187,fernando,daniel@gmail.com,hash1,Juan Pérez,2,2002-04-04,Femenino,51,179,{},2009-03-29,2015-06-11,2000-02-14
840,76,daniel,fernando@gmail.com,hash1,Daniel García,3,1992-06-24,Femenino,181,104,{},1994-06-10,2007-09-06,2010-11-26
841,152,juan,fernando@gmail.com,hash1,Daniel García,1,2013-10-29,Femenino,20,159,{},1994-09-04,1996-04-24,2013-04-28
842,40,fernando,daniel@gmail.com,hash2,Daniel García,3,2017-09-24,Femenino,181,46,{},2017-03-04,1997-07-16,1991-02-20
843,102,juan,fernando@gmail.com,hash3,Fernando López,1,2011-02-01,Femenino,244,146,{},2019-03-29,1990-04-11,1999-08-11
844,113,juan,daniel@gmail.com,hash3,Juan Pérez,3,1994-03-15,Femenino,238,43,{},2001-01-05,2000-11-11,1995-10-23
845,164,fernando,fernando@gmail.com,hash3,Juan Pérez,2,2012-10-28,Femenino,218,32,{},2013-09-29,1991-03-26,1993-07-29
846,71,daniel,daniel@gmail.com,hash1,Juan Pérez,2,1994-11-02,Femenino,193,194,{},2019-07-18,1997-11-05,1997-04-08
847,187,daniel,fernando@gmail.com,hash3,Fernando López,2,1993-07-10,Masculino,127,54,{},2016-01-05,2010-06-12,2004-04-23
848,83,juan,daniel@gmail.com,hash2,Juan Pérez,2,1992-12-18,Masculino,53,171,{},2018-10-20,2001-09-19,1991-05-05
849,15,juan,juan@gmail.com,hash2,Daniel García,1,2019-05-22,Femenino,234,41,{},2012-01-10,2009-07-09,1994-10-02
850,118,fernando,fernando@gmail.com,hash1,Juan Pérez,1,2013-02-08,Femenino,184,178,{},1991-10-12,2004-08-10,2017-09-15
851,157,juan,fernando@gmail.com,hash3,Fernando López,3,2019-07-11,Masculino,153,89,{},2003-08-15,1992-02-13,1995-10-06
852,62,daniel,fernando@gmail.com,hash2,Fernando López,1,2015-12-12,Masculino,201,22,{},1996-10-24,2013-11-02,2016-11-12
853,177,fernando,fernando@gmail.com,hash2,Juan Pérez,2,1999-04-29,Femenino,184,141,{},1990-02-13,2002-12-25,2007-01-29
854,193,juan,daniel@gmail.com,hash2,Fernando López,2,1993-04-23,Masculino,209,165,{},2001-09-09,2008-11-28,2016-02-23
855,73,daniel,fernando@gmail.com,hash2,Fernando López,3,2009-12-07,Masculino,53,71,{},1991-05-01,2005-01-17,2017-07-11
856,104,daniel,daniel@gmail.com,hash1,Fernando López,1,2000-05-09,Femenino,105,192,{},1997-08-29,2002-07-09,2012-12-09
857,145,fernando,fernando@gmail.com,hash3,Daniel García,3,2013-05-21,Masculino,31,58,{},2018-02-14,1996-05-09,2018-11-01
858,66,fernando,juan@gmail.com,hash1,Daniel García,3,2002-07-05,Femenino,213,131,{},2016-05-04,2005-10-21,2011-12-20
859,52,daniel,daniel@gmail.com,hash2,Daniel García,1,2018-06-24,Femenino,85,58,{},2003-04-21,2014-01-31,2004-12-10
860,19,daniel,juan@gmail.com,hash3,Fernando López,1,1991-03-08,Femenino,125,157,{},2001-08-05,1993-06-23,2016-09-20
861,106,juan,fernando@gmail.com,hash1,Fernando López,3,2017-07-06,Femenino,230,109,{},2008-04-26,2010-05-03,1990-05-10
862,15,juan,fernando@gmail.com,hash3,Juan Pérez,1,1998-08-20,Masculino,244,188,{},1995-04-16,2015-03-29,1996-07-16
863,27,juan,fernando@gmail.com,hash3,Fernando López,1,2008-05-11,Masculino,65,130,{},2004-04-23,2009-07-20,2013-05-14
864,89,daniel,daniel@gmail.com,hash2,Fernando López,2,2009-02-21,Masculino,59,18,{},1993-07-05,2018-10-03,2000-01-21
865,186,daniel,juan@gmail.com,hash3,Fernando López,3,2004-08-26,Femenino,106,152,{},2017-10-19,2019-09-07,2001-05-02
866,188,daniel,daniel@gmail.com,hash2,Daniel García,1,2016-04-15,Masculino,214,95,{},2010-02-21,2005-07-21,1997-12-22
867,173,juan,fernando@gmail.com,hash1,Daniel García,2,1990-01-29,Femenino,189,188,{},1995-01-04,2016-08-31,1990-06-20
868,190,juan,fernando@gmail.com,hash2,Juan Pérez,2,2000-06-10,Masculino,162,34,{},2007-04-20,2005-08-21,2003-01-27
869,90,fernando,fernando@gmail.com,hash1,Daniel García,2,1996-07-30,Femenino,51,26,{},2010-04-08,2015-11-03,2018-04-06
870,75,fernando,daniel@gmail.com,hash3,Daniel García,3,2004-09-09,Femenino,235,67,{},1999-04-12,2012-11-05,2009-05-29
871,148,fernando,juan@gmail.com,hash3,Daniel García,2,1999-11-05,Femenino,108,10,{},2002-03-30,1992-10-01,2015-03-24
872,34,juan,juan@gmail.com,hash1,Daniel García,3,2001-01-11,Masculino,202,19,{},2019-05-12,2011-06-05,2007-01-30
873,7,daniel,juan@gmail.com,hash1,Juan Pérez,2,2002-01-20,Masculino,196,116,{},1999-11-02,2008-09-06,1996-04-12
874,107,daniel,daniel@gmail.com,hash3,Juan Pérez,1,1995-07-04,Masculino,143,106,{},1990-03-21,1998-01-24,2013-01-20
875,27,fernando,daniel@gmail.com,hash1,Daniel García,3,2002-10-19,Femenino,10,156,{},2019-04-05,2015-06-08,1997-12-23
876,142,daniel,juan@gmail.com,hash2,Daniel García,1,2011-06-07,Masculino,119,62,{},2019-10-04,2002-01-08,1999-05-27
877,7,fernando,juan@gmail.com,hash1,Daniel García,1,2012-08-10,Femenino,120,141,{},2019-12-04,2009-04-11,2009-09-04
878,133,juan,fernando@gmail.com,hash1,Juan Pérez,2,2016-05-16,Femenino,159,26,{},1993-02-11,2018-10-04,1993-06-07
879,172,juan,fernando@gmail.com,hash1,Juan Pérez,2,2004-08-09,Femenino,80,54,{},1990-12-27,1999-10-05,2018-04-27
880,26,daniel,fernando@gmail.com,hash3,Fernando López,3,2015-03-11,Masculino,66,15,{},1999-05-19,2006-03-26,1996-10-05
881,97,daniel,juan@gmail.com,hash2,Juan Pérez,2,2001-10-07,Femenino,97,8,{},2005-09-21,2004-12-12,1990-03-19
882,141,daniel,daniel@gmail.com,hash3,Juan Pérez,1,2008-03-06,Masculino,58,180,{},2004-05-12,2001-06-08,2018-10-30
883,15,fernando,daniel@gmail.com,hash1,Juan Pérez,1,2014-03-11,Femenino,250,113,{},2001-09-02,2016-12-24,2017-08-13
884,11,fernando,juan@gmail.com,hash1,Daniel García,3,1995-01-11,Masculino,111,41,{},2014-05-04,1999-04-29,2004-12-28
885,82,daniel,daniel@gmail.com,hash1,Juan Pérez,1,2013-12-05,Masculino,15,157,{},2007-09-28,1998-02-16,2018-01-11
886,148,daniel,juan@gmail.com,hash3,Daniel García,3,2005-06-08,Masculino,177,83,{},2018-08-10,1997-02-09,2017-07-06
887,48,juan,juan@gmail.com,hash2,Juan Pérez,2,2004-12-17,Masculino,211,164,{},2016-08-29,2009-04-10,2005-08-29
888,143,juan,juan@gmail.com,hash3,Juan Pérez,1,1995-05-11,Femenino,77,83,{},1990-03-14,1997-05-03,2007-02-24
889,34,fernando,juan@gmail.com,hash3,Daniel García,3,1996-09-25,Masculino,140,155,{},2003-11-20,2015-09-15,2006-12-20
890,82,daniel,fernando@gmail.com,hash2,Daniel García,2,2011-04-09,Masculino,248,132,{},2002-07-19,2018-12-22,2015-12-30
891,142,juan,daniel@gmail.com,hash3,Daniel García,2,1993-06-30,Masculino,117,82,{},2000-02-25,2005-01-23,2012-07-18
892,11,juan,daniel@gmail.com,hash1,Fernando López,1,2003-11-14,Femenino,127,83,{},2018-11-07,1991-04-30,2008-11-13
893,49,fernando,daniel@gmail.com,hash1,Fernando López,2,2013-09-07,Masculino,18,50,{},2010-12-13,2011-02-19,1998-06-17
894,61,daniel,juan@gmail.com,hash1,Juan Pérez,1,2002-10-14,Masculino,118,149,{},2014-09-03,1994-05-04,2014-06-14
895,199,juan,fernando@gmail.com,hash1,Fernando López,3,1997-02-17,Femenino,218,12,{},1993-03-18,1994-12-11,1991-05-31
896,2,juan,fernando@gmail.com,hash3,Fernando López,1,2019-10-29,Masculino,70,185,{},2001-12-18,2007-12-31,2007-06-05
897,46,fernando,fernando@gmail.com,hash2,Daniel García,1,1998-08-07,Femenino,31,21,{},1992-09-19,1996-04-12,1990-08-12
898,199,juan,fernando@gmail.com,hash1,Fernando López,1,2011-10-13,Femenino,244,65,{},1990-05-14,2011-03-13,2018-12-26
899,45,daniel,fernando@gmail.com,hash1,Daniel García,2,2003-08-23,Masculino,37,40,{},2006-10-27,1991-07-08,2009-08-30
900,50,juan,fernando@gmail.com,hash2,Fernando López,1,2014-10-11,Masculino,237,61,{},2010-06-21,1995-03-29,2010-12-27
901,133,juan,juan@gmail.com,hash2,Fernando López,3,2012-07-18,Femenino,138,94,{},1991-07-23,2003-08-28,2019-12-01
902,114,fernando,fernando@gmail.com,hash2,Daniel García,1,2004-01-22,Femenino,94,76,{},2013-12-21,1996-12-19,1996-01-28
903,77,juan,daniel@gmail.com,hash2,Fernando López,2,1996-01-30,Femenino,214,91,{},2005-03-13,1998-08-29,1996-02-21
904,97,fernando,fernando@gmail.com,hash3,Daniel García,2,1992-10-31,Masculino,196,51,{},2011-04-02,2012-03-02,2000-09-09
905,135,fernando,fernando@gmail.com,hash2,Daniel García,1,2000-07-29,Femenino,234,153,{},2013-10-25,1994-07-14,2009-04-16
906,111,fernando,daniel@gmail.com,hash3,Daniel García,2,2013-08-06,Femenino,134,5,{},2003-01-23,1992-01-03,2010-12-16
907,6,daniel,daniel@gmail.com,hash1,Juan Pérez,1,2001-12-15,Femenino,5,7,{},1991-06-29,2016-10-29,2018-11-08
908,138,daniel,juan@gmail.com,hash2,Juan Pérez,2,2003-11-05,Masculino,197,107,{},2013-09-14,2010-03-17,1999-06-04
909,127,juan,daniel@gmail.com,hash3,Daniel García,1,2016-05-03,Femenino,60,26,{},1990-12-29,1997-01-29,2014-08-23
910,23,juan,daniel@gmail.com,hash1,Daniel García,3,2006-02-06,Masculino,166,170,{},2011-02-02,1994-02-19,2011-03-12
911,167,fernando,daniel@gmail.com,hash2,Juan Pérez,2,2014-04-03,Femenino,89,80,{},2012-06-20,2014-04-20,1990-03-19
912,62,fernando,daniel@gmail.com,hash2,Juan Pérez,1,1999-01-17,Masculino,85,33,{},1997-11-29,2009-03-26,1997-11-13
913,69,fernando,daniel@gmail.com,hash3,Juan Pérez,2,1996-10-23,Femenino,41,21,{},1991-07-30,2013-09-24,2017-10-10
914,65,juan,daniel@gmail.com,hash1,Daniel García,1,1997-12-17,Femenino,40,194,{},1994-09-15,2007-01-24,1991-10-13
915,166,fernando,daniel@gmail.com,hash3,Fernando López,3,2017-09-02,Masculino,73,169,{},2019-01-03,2002-05-21,2010-03-04
916,14,fernando,daniel@gmail.com,hash2,Fernando López,3,2019-05-14,Femenino,15,32,{},2012-08-07,2013-07-27,2014-03-29
917,195,daniel,juan@gmail.com,hash3,Juan Pérez,1,1994-01-26,Femenino,169,67,{},2016-05-01,2009-09-22,2007-02-02
918,163,fernando,daniel@gmail.com,hash1,Fernando López,2,1991-12-14,Masculino,104,171,{},2016-07-07,1993-08-28,1995-01-10
919,74,fernando,fernando@gmail.com,hash1,Daniel García,1,2002-11-08,Femenino,68,53,{},1992-09-11,2017-04-23,2014-04-13
920,193,fernando,daniel@gmail.com,hash1,Daniel García,3,2007-02-10,Masculino,43,73,{},2004-12-30,1998-10-26,2012-07-16
921,165,juan,juan@gmail.com,hash1,Daniel García,2,2004-09-19,Femenino,249,46,{},2001-07-08,2011-10-14,1998-09-11
922,151,juan,juan@gmail.com,hash1,Juan Pérez,1,2004-02-29,Femenino,56,185,{},2006-12-29,2005-04-26,1990-06-07
923,3,juan,daniel@gmail.com,hash1,Fernando López,3,2002-10-31,Femenino,195,92,{},1999-08-29,2001-03-04,1994-03-19
924,167,juan,fernando@gmail.com,hash2,Fernando López,2,2019-07-04,Femenino,58,160,{},2002-04-26,2005-08-25,2005-11-10
925,119,juan,juan@gmail.com,hash3,Fernando López,1,1991-06-06,Femenino,86,166,{},2010-05-05,2007-03-13,1996-04-23
926,45,daniel,daniel@gmail.com,hash1,Daniel García,1,1993-02-11,Femenino,92,102,{},1996-08-07,2005-07-09,2007-08-19
927,141,daniel,juan@gmail.com,hash2,Juan Pérez,2,2013-08-03,Femenino,32,173,{},1996-12-21,2000-12-23,1992-02-12
928,66,fernando,juan@gmail.com,hash2,Juan Pérez,1,2016-07-10,Masculino,235,45,{},2017-03-27,1996-11-21,2009-01-11
929,137,fernando,fernando@gmail.com,hash3,Fernando López,3,1996-07-29,Femenino,164,134,{},2019-11-06,2005-09-15,2013-01-28
930,78,fernando,daniel@gmail.com,hash3,Fernando López,2,2008-10-18,Masculino,22,158,{},2016-10-04,2014-05-24,2004-12-20
931,83,fernando,fernando@gmail.com,hash3,Daniel García,3,1992-01-05,Femenino,14,48,{},1994-04-22,1996-02-13,1996-04-30
932,22,fernando,juan@gmail.com,hash2,Fernando López,1,2007-07-28,Femenino,106,118,{},1992-01-21,1997-10-09,2016-08-04
933,62,fernando,fernando@gmail.com,hash3,Fernando López,2,1997-10-08,Femenino,247,34,{},1999-03-30,2004-01-23,2014-07-28
934,21,daniel,juan@gmail.com,hash1,Fernando López,2,2013-03-01,Femenino,182,172,{},2007-11-17,2017-06-24,2015-10-16
935,8,daniel,daniel@gmail.com,hash2,Daniel García,1,2013-05-17,Femenino,146,145,{},2017-03-27,2004-07-29,1997-04-30
936,111,daniel,daniel@gmail.com,hash2,Fernando López,3,2017-09-17,Masculino,195,152,{},1998-07-14,2004-03-03,2017-12-18
937,179,juan,juan@gmail.com,hash1,Daniel García,3,1998-12-10,Masculino,6,194,{},1998-03-27,1992-04-04,1997-06-26
938,140,daniel,daniel@gmail.com,hash2,Daniel García,3,1995-09-19,Femenino,185,151,{},1990-11-12,2002-11-27,2011-01-17
939,132,juan,juan@gmail.com,hash2,Daniel García,2,2017-09-21,Femenino,140,178,{},2006-08-20,1993-07-11,2015-06-07
940,161,juan,daniel@gmail.com,hash3,Fernando López,3,2012-09-08,Femenino,10,71,{},2000-04-03,2011-06-25,2013-02-16
941,194,juan,daniel@gmail.com,hash2,Juan Pérez,3,2001-09-21,Masculino,114,107,{},2018-12-21,2004-06-26,2011-07-12
942,140,juan,juan@gmail.com,hash3,Daniel García,2,2005-07-13,Masculino,114,147,{},1993-03-16,2007-10-19,2013-09-11
943,188,daniel,fernando@gmail.com,hash1,Juan Pérez,2,2012-06-13,Femenino,236,21,{},2013-07-01,2016-03-16,2013-01-16
944,38,juan,fernando@gmail.com,hash1,Juan Pérez,1,2012-04-05,Femenino,241,157,{},2002-10-07,2004-08-16,2018-12-27
945,138,daniel,fernando@gmail.com,hash3,Fernando López,1,1997-10-24,Femenino,44,98,{},1999-09-17,2001-06-18,2012-02-20
946,176,daniel,daniel@gmail.com,hash1,Fernando López,3,1996-10-06,Femenino,206,32,{},1996-12-27,2008-04-06,2008-02-19
947,199,fernando,juan@gmail.com,hash1,Fernando López,2,2014-02-28,Femenino,0,109,{},2009-08-09,1990-12-19,2000-07-09
948,136,fernando,daniel@gmail.com,hash2,Juan Pérez,3,1998-11-23,Masculino,97,63,{},1994-07-03,2014-12-27,2014-06-23
949,135,fernando,fernando@gmail.com,hash1,Fernando López,1,1997-09-13,Femenino,92,86,{},1998-06-16,2004-05-15,2019-02-09
950,12,juan,daniel@gmail.com,hash3,Daniel García,3,2002-03-21,Femenino,54,182,{},2008-02-22,1993-10-15,1999-12-17
951,101,daniel,juan@gmail.com,hash3,Juan Pérez,3,1994-12-15,Masculino,43,48,{},2010-02-27,2008-12-06,2002-02-08
952,78,juan,daniel@gmail.com,hash1,Fernando López,3,2011-07-17,Masculino,159,58,{},2012-01-12,1990-12-31,1993-09-07
953,110,fernando,daniel@gmail.com,hash1,Daniel García,2,1997-12-03,Femenino,192,31,{},2002-11-12,2008-10-26,1996-06-30
954,105,daniel,juan@gmail.com,hash3,Fernando López,2,1998-08-23,Masculino,163,32,{},2010-01-23,2016-04-19,2000-08-23
955,189,daniel,fernando@gmail.com,hash1,Juan Pérez,2,2007-08-06,Femenino,236,27,{},1990-06-01,2009-08-17,1991-09-19
956,132,daniel,juan@gmail.com,hash2,Fernando López,3,2005-11-06,Masculino,181,146,{},1995-08-18,2012-10-20,1991-07-28
957,72,fernando,fernando@gmail.com,hash2,Fernando López,3,2017-03-02,Masculino,231,86,{},2006-08-14,1992-04-08,2007-06-10
958,13,juan,daniel@gmail.com,hash1,Fernando López,1,1995-12-14,Femenino,48,60,{},2013-05-15,2005-03-16,2000-09-26
959,47,daniel,fernando@gmail.com,hash2,Fernando López,1,2018-06-18,Masculino,22,148,{},2018-08-31,1997-09-14,1997-05-27
960,33,juan,fernando@gmail.com,hash1,Juan Pérez,2,2012-02-09,Femenino,104,168,{},2018-07-27,2000-09-07,2009-10-18
961,44,daniel,daniel@gmail.com,hash3,Daniel García,1,2009-06-14,Femenino,63,93,{},2017-01-01,1998-02-21,2017-02-14
962,190,juan,daniel@gmail.com,hash3,Juan Pérez,1,1998-02-02,Femenino,173,188,{},2006-08-20,2012-02-18,1991-09-15
963,44,daniel,daniel@gmail.com,hash2,Fernando López,2,2011-05-15,Femenino,240,169,{},1993-05-19,2011-07-26,2008-03-20
964,127,fernando,fernando@gmail.com,hash2,Juan Pérez,2,2010-05-09,Femenino,43,113,{},1997-08-12,2012-11-15,1996-06-25
965,55,daniel,daniel@gmail.com,hash1,Fernando López,1,2014-07-31,Femenino,48,5,{},1996-05-09,1993-09-26,1997-05-19
966,42,fernando,daniel@gmail.com,hash3,Daniel García,2,2004-11-17,Masculino,233,76,{},2013-07-22,1992-09-02,2011-06-24
967,195,juan,daniel@gmail.com,hash3,Juan Pérez,3,2013-06-29,Masculino,57,186,{},2019-07-30,2019-09-19,1993-06-24
968,114,daniel,daniel@gmail.com,hash2,Fernando López,2,1997-04-13,Femenino,62,114,{},2013-04-27,2015-03-06,2016-07-08
969,103,daniel,juan@gmail.com,hash3,Juan Pérez,3,1999-02-13,Masculino,178,103,{},2019-09-19,2002-04-12,2009-08-09
970,49,daniel,fernando@gmail.com,hash2,Juan Pérez,1,2019-06-18,Masculino,48,182,{},2003-04-27,1990-03-14,2005-07-20
971,90,juan,daniel@gmail.com,hash3,Fernando López,2,1992-01-07,Femenino,155,196,{},1997-11-04,2006-03-21,2009-08-01
972,172,fernando,fernando@gmail.com,hash3,Fernando López,1,2014-12-22,Masculino,142,105,{},2009-08-07,1994-05-24,2003-07-14
973,88,daniel,fernando@gmail.com,hash2,Juan Pérez,1,2001-05-10,Masculino,240,89,{},2014-09-04,2015-11-19,1992-10-14
974,56,daniel,juan@gmail.com,hash2,Fernando López,1,2016-07-04,Masculino,96,91,{},1997-10-27,1992-08-19,1997-08-03
975,153,juan,fernando@gmail.com,hash2,Daniel García,2,2003-05-23,Masculino,153,120,{},2006-08-15,2017-02-25,2002-05-12
976,30,fernando,daniel@gmail.com,hash3,Fernando López,1,1993-10-01,Femenino,184,17,{},2007-11-23,2007-06-12,2006-02-16
977,66,fernando,juan@gmail.com,hash3,Juan Pérez,1,1990-01-13,Masculino,176,112,{},2014-04-29,2012-02-06,2014-08-31
978,134,daniel,daniel@gmail.com,hash2,Juan Pérez,3,2003-05-26,Masculino,98,11,{},1999-09-22,2019-03-10,2013-08-21
979,171,fernando,fernando@gmail.com,hash3,Juan Pérez,2,1996-07-29,Masculino,212,152,{},1997-01-25,2014-07-12,2001-05-16
980,22,fernando,fernando@gmail.com,hash1,Daniel García,3,2005-03-04,Femenino,200,75,{},2010-08-26,2016-08-07,2001-03-17
981,55,juan,daniel@gmail.com,hash2,Fernando López,2,2002-08-01,Femenino,119,15,{},2003-10-24,2017-09-03,1992-02-20
982,107,fernando,juan@gmail.com,hash3,Daniel García,3,1995-12-15,Femenino,99,108,{},1993-05-21,1999-04-09,2014-04-05
983,65,juan,juan@gmail.com,hash3,Daniel García,1,2013-01-30,Masculino,86,2,{},2019-01-06,2013-07-27,2007-02-01
984,119,daniel,fernando@gmail.com,hash1,Juan Pérez,3,2008-02-26,Femenino,248,18,{},2014-08-28,1994-04-08,1990-05-14
985,56,fernando,daniel@gmail.com,hash3,Fernando López,2,2013-09-25,Femenino,177,193,{},2000-02-18,1999-03-23,2003-06-24
986,34,daniel,daniel@gmail.com,hash2,Daniel García,3,2008-02-06,Femenino,121,195,{},2019-09-26,2019-08-07,2014-06-24
987,91,daniel,juan@gmail.com,hash2,Juan Pérez,3,1992-06-02,Femenino,53,148,{},2012-01-24,2012-12-06,2009-05-16
988,63,daniel,fernando@gmail.com,hash1,Daniel García,3,2015-11-08,Masculino,10,176,{},1994-07-10,2009-09-16,1990-06-20
989,135,fernando,fernando@gmail.com,hash2,Daniel García,2,1991-02-21,Femenino,149,36,{},2007-02-09,2002-08-20,2016-12-18
990,13,daniel,fernando@gmail.com,hash2,Fernando López,3,2000-12-01,Masculino,156,81,{},2017-06-10,2002-09-16,2013-12-29
991,101,fernando,juan@gmail.com,hash3,Juan Pérez,1,1995-11-22,Masculino,239,179,{},2017-04-15,2018-03-03,2000-10-31
992,125,juan,daniel@gmail.com,hash3,Fernando López,3,2014-03-29,Femenino,126,43,{},1997-02-27,1998-11-19,2005-01-04
993,174,juan,daniel@gmail.com,hash2,Fernando López,1,1994-07-24,Masculino,101,41,{},2013-10-22,1993-08-06,2011-02-15
994,36,juan,daniel@gmail.com,hash2,Daniel García,1,2007-09-15,Masculino,0,57,{},1990-10-24,2009-12-25,1990-04-19
995,183,daniel,daniel@gmail.com,hash3,Juan Pérez,2,2007-09-23,Femenino,105,185,{},2015-03-18,2019-07-02,2013-10-26
996,116,daniel,daniel@gmail.com,hash2,Daniel García,2,2017-05-21,Masculino,243,69,{},2010-07-18,1994-10-20,2000-06-18
997,35,fernando,juan@gmail.com,hash3,Juan Pérez,1,1996-08-28,Masculino,227,33,{},2004-03-26,2011-12-04,2002-06-01
998,136,juan,fernando@gmail.com,hash2,Fernando López,1,1998-06-08,Masculino,168,3,{},1991-07-29,2013-02-28,2008-03-29
999,33,fernando,fernando@gmail.com,hash1,Fernando López,1,2018-01-12,Femenino,27,107,{},2007-01-12,2011-04-16,2001-11-21
