,id,full_name,email,password_hash,display_name,role_id,date_of_birth,sex,height_cm,weight_kg,metadata,created_at,updated_at,deleted_at
0,130,fernando,fernando@gmail.com,hash1,Fernando López,3,2005-08-29,Masculino,54,163,{},1992-12-21,1994-12-27,1994-04-09
1,77,fernando,juan@gmail.com,hash1,Fernando López,3,2008-06-27,Femenino,233,4,{},2017-01-04,2008-05-30,2005-02-23
2,185,daniel,fernando@gmail.com,hash2,Juan Pérez,3,2018-04-25,Masculino,219,126,{},2010-06-29,2019-04-24,2012-05-04
3,36,daniel,daniel@gmail.com,hash1,Fernando López,3,2019-02-26,Masculino,247,43,{},2010-07-13,1999-01-07,2003-12-18
4,116,juan,juan@gmail.com,hash2,Juan Pérez,3,2011-06-17,Femenino,214,113,{},2013-01-19,1994-11-09,2019-01-02
5,89,fernando,juan@gmail.com,hash1,Fernando López,3,1999-07-12,Masculino,63,60,{},2017-07-19,2006-01-20,1995-08-05
6,131,fernando,fernando@gmail.com,hash3,Daniel García,2,2004-12-24,Masculino,132,45,{},1992-10-15,1991-09-11,1996-06-13
7,134,daniel,fernando@gmail.com,hash3,Fernando López,3,1990-04-18,Femenino,18,165,{},2017-12-12,1998-05-31,2003-06-27
8,7,daniel,daniel@gmail.com,hash1,Juan Pérez,3,2007-10-21,Femenino,87,25,{},1998-08-23,2014-07-28,2002-10-03
9,33,fernando,daniel@gmail.com,hash1,Daniel García,2,1991-09-03,Femenino,113,147,{},1992-01-28,2016-01-11,1995-11-17
10,182,daniel,juan@gmail.com,hash3,Fernando López,3,2007-05-14,Masculino,224,64,{},2017-03-01,1992-11-06,1995-02-24
11,5,fernando,daniel@gmail.com,hash2,Daniel García,3,2019-06-25,Masculino,85,185,{},1996-09-23,1991-10-27,2001-10-30
12,157,fernando,daniel@gmail.com,hash3,Juan Pérez,1,2014-05-26,Femenino,127,27,{},2014-11-29,2000-09-22,2014-04-14
13,44,daniel,daniel@gmail.com,hash3,Fernando López,3,2005-12-16,Femenino,59,14,{},2007-05-09,2005-09-29,2001-10-19
14,160,juan,daniel@gmail.com,hash1,Juan Pérez,3,2007-01-04,Masculino,51,138,{},2015-02-28,2011-03-02,2011-05-31
15,106,fernando,juan@gmail.com,hash1,Juan Pérez,2,1992-06-16,Femenino,83,167,{},2018-01-03,1991-03-31,2018-06-09
16,44,fernando,juan@gmail.com,hash1,Fernando López,1,2008-11-09,Masculino,172,175,{},2017-08-06,1995-09-04,2000-03-17
17,151,juan,juan@gmail.com,hash2,Juan Pérez,3,2005-10-27,Masculino,144,25,{},2012-10-25,2002-06-17,2011-02-14
18,66,juan,fernando@gmail.com,hash2,Fernando López,2,2017-06-03,Femenino,140,119,{},2010-01-30,1992-05-28,1990-04-12
19,172,daniel,fernando@gmail.com,hash2,Fernando López,2,2008-12-11,Femenino,151,135,{},2006-11-21,2006-08-26,2017-11-10
20,185,daniel,juan@gmail.com,hash1,Juan Pérez,3,2002-08-06,Masculino,197,109,{},2003-03-18,1993-01-01,1994-12-03
21,57,daniel,daniel@gmail.com,hash1,Fernando López,3,1996-08-28,Masculino,201,1,{},1999-02-05,2019-02-04,1992-12-14
22,4,daniel,juan@gmail.com,hash1,Juan Pérez,1,2007-09-16,Masculino,125,65,{},1993-01-03,2016-11-08,1999-06-23
23,78,daniel,fernando@gmail.com,hash3,Fernando López,1,2006-08-26,Masculino,84,82,{},2001-10-05,2003-04-26,2019-06-22
24,17,fernando,fernando@gmail.com,hash1,Juan Pérez,1,1992-07-02,Femenino,188,121,{},1997-12-28,2007-09-27,2012-12-04
25,9,fernando,daniel@gmail.com,hash1,Fernando López,3,2001-06-17,Femenino,73,44,{},1994-08-12,2004-02-11,2016-04-26
26,195,daniel,juan@gmail.com,hash1,Juan Pérez,2,2009-11-25,Masculino,242,198,{},1993-07-11,2011-01-22,1993-11-25
27,121,juan,daniel@gmail.com,hash3,Fernando López,2,2014-05-10,Masculino,30,51,{},1997-03-27,1992-11-09,2010-08-08
28,80,fernando,fernando@gmail.com,hash2,Juan Pérez,2,1990-07-12,Masculino,218,136,{},1997-03-24,2019-02-19,2008-01-01
29,3,fernando,fernando@gmail.com,hash2,Juan Pérez,2,2010-03-23,Femenino,103,75,{},2012-08-05,2004-11-01,2016-10-27
30,164,juan,daniel@gmail.com,hash1,Daniel García,2,2010-01-22,Masculino,44,174,{},2003-04-18,2002-07-17,1991-07-10
31,162,juan,fernando@gmail.com,hash1,Fernando López,1,2001-10-23,Femenino,160,118,{},1992-12-31,1994-05-20,1990-09-12
32,6,fernando,juan@gmail.com,hash3,Fernando López,1,1996-07-30,Femenino,244,168,{},2005-04-22,2016-11-24,2019-03-05
33,38,fernando,daniel@gmail.com,hash1,Fernando López,2,2014-03-10,Masculino,54,200,{},1996-12-24,1999-03-14,2009-12-19
34,16,fernando,daniel@gmail.com,hash2,Fernando López,2,2010-08-06,Masculino,19,158,{},1993-07-07,2000-01-20,1994-06-05
35,128,fernando,fernando@gmail.com,hash3,Fernando López,3,1996-11-11,Masculino,0,13,{},2005-06-01,2006-10-18,2018-07-30
36,143,fernando,daniel@gmail.com,hash2,Daniel García,3,2009-08-14,Masculino,83,156,{},2018-07-16,2018-05-23,2015-02-21
37,120,juan,fernando@gmail.com,hash2,Daniel García,1,2019-03-08,Masculino,178,47,{},2002-03-22,2008-03-05,2005-01-01
38,38,daniel,daniel@gmail.com,hash1,Daniel García,1,2006-07-13,Masculino,99,44,{},2014-04-10,2000-10-26,2000-12-08
39,89,daniel,juan@gmail.com,hash3,Daniel García,3,2016-09-10,Femenino,128,4,{},1994-09-17,1993-12-16,2005-03-02
40,65,fernando,fernando@gmail.com,hash2,Juan Pérez,1,1999-04-26,Masculino,205,113,{},2019-03-05,2010-03-11,2012-02-01
41,124,fernando,juan@gmail.com,hash1,Daniel García,3,2017-02-25,Femenino,11,30,{},2012-10-07,1995-06-20,2018-10-16
42,64,juan,daniel@gmail.com,hash1,Daniel García,1,2013-07-21,Masculino,211,116,{},1998-01-10,2003-11-09,1992-05-26
43,112,fernando,fernando@gmail.com,hash1,Daniel García,2,1993-06-27,Masculino,186,3,{},1997-10-28,2000-10-13,2004-01-28
44,81,daniel,juan@gmail.com,hash1,Juan Pérez,1,2016-04-05,Masculino,74,163,{},2010-10-23,1997-09-06,2012-05-24
45,93,fernando,juan@gmail.com,hash2,Fernando López,3,2017-12-14,Masculino,169,89,{},1992-01-21,2003-11-12,2003-09-15
46,137,daniel,fernando@gmail.com,hash1,Juan Pérez,3,1990-11-05,Femenino,173,5,{},2012-02-28,1991-03-02,2014-04-09
47,178,fernando,juan@gmail.com,hash3,Juan Pérez,2,2013-06-20,Femenino,56,90,{},1994-08-02,2006-04-26,2019-03-05
48,131,juan,juan@gmail.com,hash1,Fernando López,3,2015-11-01,Femenino,15,96,{},1997-05-31,1997-02-02,2005-10-05
49,45,daniel,daniel@gmail.com,hash2,Juan Pérez,3,2008-11-28,Femenino,133,199,{},2019-08-18,2015-10-27,2010-11-30
50,121,daniel,daniel@gmail.com,hash2,Fernando López,1,1992-05-09,Femenino,233,16,{},2006-03-25,1994-10-20,2007-01-29
51,102,juan,juan@gmail.com,hash1,Juan Pérez,2,1990-03-30,Femenino,208,186,{},2006-07-11,2017-05-03,2006-11-09
52,65,daniel,daniel@gmail.com,hash2,Daniel García,2,1991-08-14,Femenino,62,122,{},2011-08-18,1997-10-01,2000-06-19
53,95,fernando,daniel@gmail.com,hash3,Daniel García,3,2015-03-09,Masculino,241,51,{},1999-07-19,1990-08-05,2009-03-30
54,129,fernando,fernando@gmail.com,hash2,Juan Pérez,2,2003-01-30,Femenino,102,103,{},1991-06-15,1991-01-13,1991-06-23
55,48,daniel,daniel@gmail.com,hash1,Daniel García,2,1999-09-12,Femenino,53,140,{},2015-01-28,1997-03-05,2019-06-24
56,47,daniel,daniel@gmail.com,hash3,Fernando López,3,1997-10-22,Femenino,208,10,{},2018-08-06,1992-05-04,2000-05-03
57,181,daniel,daniel@gmail.com,hash1,Juan Pérez,3,1996-02-26,Femenino,174,84,{},1990-07-02,2018-03-16,2016-11-21
58,159,fernando,daniel@gmail.com,hash2,Juan Pérez,1,1994-06-14,Femenino,36,137,{},1991-02-17,2016-05-02,1993-04-18
59,174,fernando,juan@gmail.com,hash2,Daniel García,1,2002-04-01,Femenino,13,121,{},2015-09-26,1993-03-22,2004-05-24
60,63,fernando,fernando@gmail.com,hash2,Juan Pérez,2,1998-06-25,Femenino,195,175,{},1995-12-13,2004-12-29,2006-06-27
61,163,juan,juan@gmail.com,hash3,Juan Pérez,1,2007-09-22,Masculino,145,97,{},2004-02-12,2002-04-13,2002-08-20
62,57,fernando,daniel@gmail.com,hash3,Daniel García,1,2002-07-18,Masculino,232,181,{},2002-08-22,2018-10-14,2012-06-16
63,28,fernando,daniel@gmail.com,hash3,Daniel García,1,1993-01-27,Masculino,36,164,{},1995-02-27,2019-06-20,2001-03-26
64,4,juan,daniel@gmail.com,hash3,Fernando López,1,1996-09-28,Femenino,173,105,{},2004-09-14,2006-12-16,2009-04-24
65,169,juan,daniel@gmail.com,hash1,Fernando López,1,2009-09-14,Femenino,195,90,{},2009-04-14,1995-01-17,2003-10-20
66,21,fernando,juan@gmail.com,hash3,Fernando López,3,2013-11-14,Masculino,43,71,{},2002-09-17,1992-07-20,2008-12-21
67,128,fernando,fernando@gmail.com,hash1,Fernando López,2,2018-06-06,Femenino,3,2,{},1994-03-04,1994-12-26,1991-09-24
68,90,juan,fernando@gmail.com,hash1,Juan Pérez,2,2006-06-05,Masculino,163,22,{},2005-03-25,2004-11-24,1995-09-23
69,169,daniel,fernando@gmail.com,hash1,Juan Pérez,1,2002-05-17,Masculino,30,100,{},2013-03-13,2001-03-12,1994-03-27
70,21,daniel,fernando@gmail.com,hash2,Daniel García,2,2006-12-20,Masculino,91,192,{},1998-06-13,2019-05-24,1997-01-30
71,65,daniel,daniel@gmail.com,hash2,Daniel García,2,2008-12-25,Femenino,112,22,{},2013-05-01,1992-07-03,2002-07-01
72,153,daniel,daniel@gmail.com,hash2,Fernando López,3,2017-10-04,Masculino,3,13,{},2001-08-17,1996-02-14,1992-08-27
73,22,juan,daniel@gmail.com,hash3,Daniel García,3,2016-06-26,Masculino,77,141,{},1990-03-11,2007-04-27,2008-11-16
74,113,juan,fernando@gmail.com,hash2,Juan Pérez,1,1991-03-10,Femenino,146,53,{},2013-01-25,2019-11-13,1999-10-15
75,144,fernando,juan@gmail.com,hash1,Juan Pérez,2,2013-11-14,Femenino,159,68,{},1993-07-21,2009-07-23,2009-03-10
76,198,daniel,juan@gmail.com,hash1,Juan Pérez,1,2012-08-16,Femenino,5,134,{},2018-12-30,1995-04-16,2003-05-05
77,67,juan,juan@gmail.com,hash2,Juan Pérez,1,2011-02-25,Femenino,250,43,{},1992-06-11,2013-11-18,2001-03-04
78,56,daniel,juan@gmail.com,hash3,Fernando López,2,2017-03-21,Femenino,69,72,{},2014-09-30,2001-11-14,2017-11-30
79,19,fernando,fernando@gmail.com,hash2,Daniel García,3,2012-05-21,Masculino,121,72,{},2010-02-05,2015-02-24,1994-10-12
80,181,juan,juan@gmail.com,hash3,Juan Pérez,2,2001-05-18,Femenino,61,139,{},2019-03-18,2005-11-12,1992-09-21
81,71,fernando,daniel@gmail.com,hash3,Daniel García,2,1994-07-23,Femenino,133,151,{},2019-08-29,2006-11-08,2016-06-19
82,63,daniel,fernando@gmail.com,hash2,Juan Pérez,3,2005-03-16,Masculino,227,133,{},2015-07-16,2007-03-01,2009-03-20
83,68,juan,fernando@gmail.com,hash2,Juan Pérez,3,2005-10-18,Masculino,199,188,{},2000-09-11,2000-07-22,2011-07-11
84,51,juan,fernando@gmail.com,hash3,Daniel García,2,2000-11-01,Masculino,2,196,{},2000-01-23,1997-02-02,1995-07-16
85,84,fernando,juan@gmail.com,hash1,Fernando López,3,1998-11-06,Masculino,131,20,{},2016-08-09,2006-08-09,2001-10-10
86,164,juan,fernando@gmail.com,hash3,Fernando López,1,2017-02-19,Masculino,59,123,{},2001-01-01,1994-09-03,2013-11-02
87,76,juan,fernando@gmail.com,hash2,Daniel García,2,2011-08-30,Masculino,49,81,{},2009-10-22,2004-05-31,1997-08-04
88,156,daniel,fernando@gmail.com,hash1,Juan Pérez,2,2016-06-22,Masculino,191,101,{},2015-03-13,2017-01-22,1991-12-15
89,95,daniel,daniel@gmail.com,hash2,Juan Pérez,3,1990-11-27,Femenino,176,154,{},1994-04-23,2001-04-16,2001-09-12
90,113,daniel,fernando@gmail.com,hash2,Fernando López,3,2007-08-09,Masculino,151,30,{},2003-05-30,2016-03-13,2009-06-23
91,197,daniel,daniel@gmail.com,hash2,Daniel García,3,2010-11-26,Masculino,98,36,{},1996-03-19,1999-03-11,2005-04-07
92,86,fernando,fernando@gmail.com,hash1,Fernando López,2,1992-06-23,Femenino,160,123,{},1992-12-17,1990-04-13,2009-06-08
93,53,fernando,daniel@gmail.com,hash3,Fernando López,2,2019-01-21,Femenino,90,7,{},2006-07-25,2014-09-01,2019-05-22
94,189,juan,fernando@gmail.com,hash3,Daniel García,1,2015-12-23,Femenino,23,63,{},2019-01-20,1992-06-28,1991-11-12
95,126,juan,daniel@gmail.com,hash3,Fernando López,1,2002-04-09,Masculino,69,126,{},2005-04-17,1999-10-23,2000-04-02
96,58,daniel,juan@gmail.com,hash3,Daniel García,2,1990-06-23,Femenino,241,114,{},2004-08-01,2010-11-23,2017-08-14
97,147,fernando,daniel@gmail.com,hash3,Fernando López,3,2010-08-04,Femenino,93,122,{},2000-07-27,2004-11-18,2017-04-23
98,145,juan,juan@gmail.com,hash3,Fernando López,3,1991-06-29,Femenino,83,52,{},1999-02-14,1993-09-18,2017-12-22
99,185,juan,daniel@gmail.com,hash1,Juan Pérez,2,2007-11-22,Masculino,129,192,{},2009-11-22,2011-12-14,1991-08-04
100,51,daniel,fernando@gmail.com,hash1,Daniel García,1,2000-03-22,Femenino,57,1,{},2017-02-20,2018-10-24,1998-06-09
101,21,daniel,daniel@gmail.com,hash2,Daniel García,3,2017-05-16,Femenino,18,174,{},2003-08-09,1995-05-27,2018-02-01
102,159,fernando,juan@gmail.com,hash2,Fernando López,3,1998-11-18,Femenino,207,78,{},1995-07-05,1992-12-08,2016-01-18
103,187,daniel,daniel@gmail.com,hash1,Fernando López,1,2002-02-16,Femenino,243,36,{},1997-12-01,1996-05-21,2009-11-09
104,144,daniel,fernando@gmail.com,hash1,Daniel García,1,2018-01-09,Femenino,9,89,{},1992-03-16,2014-08-07,1992-06-16
105,99,juan,fernando@gmail.com,hash1,Juan Pérez,3,2016-02-05,Masculino,143,193,{},2007-06-27,2012-09-06,1995-12-29
106,196,daniel,juan@gmail.com,hash2,Daniel García,1,2016-04-19,Masculino,125,96,{},2015-10-30,2006-08-05,2018-01-10
107,165,juan,daniel@gmail.com,hash2,Juan Pérez,2,2005-08-30,Masculino,201,156,{},2004-08-04,2004-06-07,2012-01-08
108,22,daniel,daniel@gmail.com,hash1,Juan Pérez,1,1995-03-10,Femenino,179,83,{},1990-09-26,2014-12-07,1994-05-28
109,177,juan,fernando@gmail.com,hash3,Juan Pérez,2,2019-07-26,Femenino,20,162,{},2017-08-16,1999-02-17,1992-12-29
110,119,daniel,daniel@gmail.com,hash2,Fernando López,3,1991-02-16,Femenino,70,140,{},2013-02-23,2016-04-23,1993-09-26
111,34,juan,fernando@gmail.com,hash2,Fernando López,1,1993-07-31,Masculino,248,52,{},2009-06-13,2008-06-01,2014-02-18
112,20,daniel,fernando@gmail.com,hash3,Juan Pérez,3,2017-02-05,Femenino,136,66,{},2000-01-10,2012-02-18,2001-01-01
113,176,daniel,daniel@gmail.com,hash3,Fernando López,2,1994-10-20,Femenino,144,190,{},1999-08-20,2003-07-26,1992-10-08
114,197,juan,fernando@gmail.com,hash3,Fernando López,2,1996-05-10,Femenino,221,71,{},2002-09-11,2011-02-27,2009-07-03
115,128,juan,fernando@gmail.com,hash1,Daniel García,3,1991-08-17,Masculino,69,114,{},1997-12-26,2008-02-21,2019-10-06
116,8,daniel,daniel@gmail.com,hash2,Fernando López,2,2004-09-17,Masculino,225,56,{},2004-08-28,2000-11-08,2006-12-09
117,99,daniel,juan@gmail.com,hash2,Daniel García,1,2003-08-27,Femenino,150,19,{},2015-12-26,1996-01-24,2001-07-25
118,82,fernando,fernando@gmail.com,hash2,Juan Pérez,1,2005-04-10,Masculino,219,24,{},2011-10-31,1991-01-07,1991-04-19
119,58,daniel,fernando@gmail.com,hash3,Fernando López,1,1993-02-08,Masculino,22,62,{},2005-11-21,2013-03-09,1992-01-01
120,81,juan,juan@gmail.com,hash3,Fernando López,1,1997-05-28,Femenino,86,56,{},1995-07-19,2009-01-14,2019-12-20
121,134,juan,fernando@gmail.com,hash2,Juan Pérez,2,2019-09-01,Femenino,58,66,{},1994-05-14,2005-04-18,2015-12-31
122,47,fernando,juan@gmail.com,hash2,Juan Pérez,3,2019-07-13,Masculino,208,156,{},1997-03-04,2015-10-20,2009-06-08
123,131,daniel,fernando@gmail.com,hash3,Juan Pérez,1,2008-09-24,Femenino,38,48,{},2013-01-18,2019-07-31,2015-04-08
124,38,fernando,daniel@gmail.com,hash1,Fernando López,2,2007-07-13,Masculino,86,64,{},1992-05-21,2014-10-01,1990-05-09
125,115,fernando,fernando@gmail.com,hash3,Daniel García,1,1996-01-08,Femenino,98,55,{},2013-07-04,1998-12-17,2005-06-10
126,171,fernando,juan@gmail.com,hash3,Juan Pérez,2,1999-05-01,Femenino,184,119,{},1995-08-05,2005-04-24,2010-03-04
127,76,juan,daniel@gmail.com,hash1,Daniel García,1,2014-05-13,Femenino,125,15,{},2008-10-05,1999-02-12,1990-01-13
128,191,daniel,fernando@gmail.com,hash1,Juan Pérez,2,1996-11-19,Masculino,18,170,{},2013-12-06,2017-01-14,1992-08-02
129,19,fernando,fernando@gmail.com,hash2,Juan Pérez,1,2016-01-12,Femenino,25,122,{},2015-04-09,2012-08-07,2007-08-10
130,22,daniel,daniel@gmail.com,hash2,Daniel García,1,2004-03-09,Femenino,55,199,{},2003-05-27,2001-06-10,1998-06-27
131,58,daniel,juan@gmail.com,hash1,Fernando López,1,2001-07-13,Femenino,14,188,{},1995-11-19,2003-12-03,1997-03-06
132,99,juan,fernando@gmail.com,hash1,Juan Pérez,1,1996-02-06,Femenino,14,161,{},1991-12-16,2013-02-12,1990-09-20
133,109,daniel,juan@gmail.com,hash3,Fernando López,3,1990-05-10,Femenino,194,158,{},2009-06-04,2001-03-20,1993-07-17
134,0,fernando,juan@gmail.com,hash2,Juan Pérez,2,1992-01-23,Femenino,61,147,{},2014-07-08,2016-07-27,2016-11-23
135,139,juan,fernando@gmail.com,hash2,Fernando López,2,1994-10-27,Masculino,199,177,{},2015-12-21,2002-03-24,2012-07-21
136,27,fernando,juan@gmail.com,hash1,Juan Pérez,1,1997-08-22,Masculino,142,116,{},2006-12-14,1991-11-26,2009-07-12
137,148,juan,fernando@gmail.com,hash2,Fernando López,1,1995-06-03,Masculino,231,159,{},2009-01-26,1992-07-25,2017-10-12
138,175,fernando,daniel@gmail.com,hash2,Fernando López,2,2009-01-23,Masculino,50,90,{},2009-02-28,2008-12-22,1997-12-27
139,162,juan,daniel@gmail.com,hash1,Daniel García,1,2017-10-13,Masculino,227,176,{},2002-06-04,2019-01-07,1992-12-17
140,10,fernando,juan@gmail.com,hash2,Juan Pérez,2,2000-04-09,Masculino,154,96,{},2012-05-06,1993-07-31,1994-01-13
141,103,daniel,daniel@gmail.com,hash1,Daniel García,3,1995-02-05,Masculino,225,26,{},1999-08-25,2009-11-08,1994-09-05
142,129,juan,daniel@gmail.com,hash2,Juan Pérez,3,1993-08-15,Masculino,208,22,{},1990-02-11,2007-05-03,2012-05-10
143,125,juan,juan@gmail.com,hash1,Juan Pérez,3,1994-06-15,Masculino,153,26,{},2015-08-16,2009-06-28,2002-08-07
144,120,fernando,juan@gmail.com,hash3,Juan Pérez,1,2000-09-22,Femenino,60,172,{},2007-10-27,2013-08-07,2009-04-30
145,133,fernando,juan@gmail.com,hash2,Juan Pérez,3,2003-05-24,Masculino,151,53,{},1992-04-28,2012-04-14,2013-11-04
146,199,juan,fernando@gmail.com,hash3,Juan Pérez,3,2001-02-25,Masculino,31,186,{},2004-01-13,1998-11-20,2005-12-09
147,84,juan,daniel@gmail.com,hash3,Daniel García,2,2007-01-25,Femenino,203,102,{},2010-11-19,2019-02-25,2015-11-10
148,105,juan,fernando@gmail.com,hash2,Daniel García,3,2002-02-14,Femenino,36,51,{},1993-08-13,2013-11-28,2015-08-25
149,27,fernando,fernando@gmail.com,hash1,Daniel García,3,1990-08-23,Masculino,193,200,{},2011-01-26,2011-02-13,2016-12-13
150,120,juan,daniel@gmail.com,hash1,Daniel García,3,2007-11-14,Masculino,217,174,{},1997-01-22,1994-03-25,2004-03-02
151,48,fernando,daniel@gmail.com,hash1,Fernando López,2,2010-10-01,Masculino,130,21,{},2010-11-07,1999-09-09,2018-06-16
152,18,juan,fernando@gmail.com,hash1,Juan Pérez,1,2010-05-29,Femenino,195,169,{},2017-09-10,2010-05-06,2019-04-06
153,90,daniel,juan@gmail.com,hash2,Juan Pérez,2,1994-12-03,Masculino,85,133,{},1997-10-18,2014-11-10,2010-04-21
154,67,fernando,daniel@gmail.com,hash1,Daniel García,2,2001-03-21,Masculino,173,111,{},2019-01-26,2008-07-28,1998-10-12
155,98,daniel,fernando@gmail.com,hash3,Fernando López,2,2014-07-23,Masculino,135,163,{},2017-01-13,2002-10-24,2012-11-20
156,188,fernando,juan@gmail.com,hash3,Daniel García,3,2002-09-16,Femenino,9,2,{},1993-04-17,2011-03-01,2002-05-18
157,30,juan,fernando@gmail.com,hash1,Daniel García,3,2012-05-18,Masculino,64,27,{},2015-08-16,2019-03-23,2019-06-19
158,184,juan,juan@gmail.com,hash1,Daniel García,1,2008-01-26,Masculino,200,111,{},2014-01-13,2000-09-16,1994-12-24
159,112,daniel,juan@gmail.com,hash1,Fernando López,1,2016-07-15,Masculino,214,18,{},2001-03-16,1992-09-21,1990-05-23
160,181,juan,daniel@gmail.com,hash3,Daniel García,3,1991-07-10,Masculino,91,17,{},2001-04-05,1993-05-24,2018-07-01
161,41,daniel,daniel@gmail.com,hash3,Daniel García,2,2000-11-30,Masculino,132,117,{},2003-06-28,2011-09-26,2013-07-10
162,3,daniel,daniel@gmail.com,hash2,Juan Pérez,3,1990-03-12,Femenino,195,57,{},2012-02-19,2007-03-26,2005-10-07
163,196,juan,daniel@gmail.com,hash3,Fernando López,3,1991-05-05,Masculino,42,138,{},1996-10-21,1992-01-22,1996-12-14
164,27,juan,juan@gmail.com,hash2,Juan Pérez,1,1992-11-06,Femenino,43,55,{},1991-12-23,1996-07-18,2010-06-08
165,100,fernando,daniel@gmail.com,hash3,Juan Pérez,3,1997-08-30,Femenino,247,144,{},2016-02-02,2005-06-07,2017-05-18
166,93,fernando,daniel@gmail.com,hash2,Juan Pérez,3,2001-07-13,Femenino,214,152,{},1996-03-16,2000-10-26,1998-11-24
167,100,juan,daniel@gmail.com,hash1,Fernando López,1,2005-12-04,Masculino,160,102,{},1998-06-26,2002-12-16,1998-11-03
168,130,fernando,daniel@gmail.com,hash3,Fernando López,2,1992-06-09,Masculino,185,137,{},1993-05-14,2001-05-14,1995-10-31
169,11,fernando,daniel@gmail.com,hash1,Daniel García,3,2017-08-01,Masculino,47,180,{},2015-08-19,2016-12-19,2009-02-16
170,34,daniel,juan@gmail.com,hash3,Fernando López,2,1999-11-17,Masculino,178,102,{},2014-05-18,2015-11-11,2008-12-02
171,154,daniel,juan@gmail.com,hash1,Fernando López,2,1994-04-26,Femenino,120,48,{},2000-06-28,2002-03-16,2007-05-18
172,43,juan,juan@gmail.com,hash3,Juan Pérez,3,1993-11-06,Femenino,89,142,{},2008-09-09,2000-04-21,1990-11-13
173,50,daniel,fernando@gmail.com,hash2,Daniel García,1,2010-10-11,Femenino,30,48,{},1999-05-05,1994-02-02,2012-05-22
174,50,juan,fernando@gmail.com,hash3,Daniel García,3,2000-11-26,Femenino,58,39,{},2011-09-01,1993-06-30,2016-01-07
175,158,daniel,daniel@gmail.com,hash1,Fernando López,1,1993-06-16,Femenino,154,156,{},2016-01-27,2008-10-22,2018-11-08
176,41,juan,fernando@gmail.com,hash2,Juan Pérez,3,1998-02-04,Masculino,241,142,{},2008-10-15,1997-11-02,2017-08-09
177,137,fernando,daniel@gmail.com,hash3,Fernando López,1,1991-02-26,Masculino,192,133,{},2000-03-21,2006-12-25,1995-11-14
178,68,daniel,daniel@gmail.com,hash2,Fernando López,3,2004-10-03,Femenino,154,19,{},1996-09-28,1991-06-03,2006-07-12
179,23,juan,fernando@gmail.com,hash3,Daniel García,3,1994-02-09,Masculino,94,18,{},1993-07-20,2001-05-19,1998-04-13
180,44,daniel,fernando@gmail.com,hash3,Daniel García,3,2011-01-02,Femenino,157,44,{},2010-05-14,2010-12-23,2001-04-04
181,48,daniel,daniel@gmail.com,hash1,Daniel García,1,1998-11-10,Masculino,99,47,{},2019-10-06,2016-12-19,2017-03-14
182,158,fernando,fernando@gmail.com,hash3,Daniel García,3,2018-02-19,Masculino,234,191,{},2002-02-07,2004-02-23,2013-07-15
183,198,daniel,fernando@gmail.com,hash3,Juan Pérez,3,2015-09-22,Femenino,117,5,{},1998-09-13,2009-03-26,1998-12-25
184,89,daniel,fernando@gmail.com,hash2,Daniel García,3,2017-01-30,Femenino,151,85,{},2001-06-06,2006-10-22,1995-07-11
185,88,juan,daniel@gmail.com,hash3,Daniel García,2,1994-09-14,Masculino,127,71,{},2002-10-21,1994-04-07,1991-11-11
186,14,fernando,juan@gmail.com,hash1,Fernando López,2,2003-05-30,Femenino,184,139,{},1992-07-10,1990-03-09,2007-07-14
187,21,daniel,fernando@gmail.com,hash2,Daniel García,1,1990-04-30,Masculino,175,162,{},1993-10-06,2001-05-27,1998-07-16
188,66,fernando,daniel@gmail.com,hash2,Daniel García,1,2008-07-29,Femenino,46,180,{},1997-01-12,1996-08-20,1990-05-20
189,42,fernando,juan@gmail.com,hash2,Daniel García,2,1998-10-25,Masculino,215,46,{},2016-12-31,1996-05-30,2000-04-13
190,107,juan,juan@gmail.com,hash2,Juan Pérez,2,2004-03-01,Femenino,7,144,{},2010-03-07,1995-10-09,1994-09-07
191,104,daniel,fernando@gmail.com,hash1,Fernando López,3,2015-05-29,Masculino,108,149,{},2005-12-03,1993-02-19,1997-04-21
192,169,fernando,fernando@gmail.com,hash3,Daniel García,2,1992-07-14,Femenino,197,87,{},2012-08-08,2003-08-03,1998-02-09
193,130,fernando,juan@gmail.com,hash2,Juan Pérez,1,1990-06-12,Masculino,85,185,{},2013-06-25,1999-12-15,1992-04-19
194,31,juan,daniel@gmail.com,hash3,Juan Pérez,1,2011-10-20,Masculino,107,74,{},2017-01-24,2019-11-03,2008-01-12
195,171,fernando,daniel@gmail.com,hash2,Juan Pérez,2,1992-06-03,Masculino,78,53,{},2014-10-22,1996-02-07,1990-11-06
196,138,daniel,daniel@gmail.com,hash3,Daniel García,2,2018-09-17,Masculino,71,101,{},1998-08-23,1994-09-04,2004-08-09
197,37,fernando,juan@gmail.com,hash2,Fernando López,3,2016-02-05,Femenino,1,137,{},2007-03-10,2007-04-21,2015-01-19
198,156,daniel,daniel@gmail.com,hash3,Fernando López,3,2014-08-23,Femenino,118,160,{},2008-01-15,1993-03-28,1993-11-25
199,129,daniel,fernando@gmail.com,hash3,Daniel García,2,2010-04-21,Femenino,203,6,{},2013-03-12,1996-01-13,1995-07-18
200,12,fernando,fernando@gmail.com,hash2,Juan Pérez,1,2010-04-04,Femenino,5,62,{},2013-02-02,2014-03-18,1993-11-06
201,34,daniel,juan@gmail.com,hash2,Daniel García,3,1994-04-02,Femenino,52,56,{},1993-11-06,2002-09-10,2019-10-19
202,155,juan,daniel@gmail.com,hash3,Daniel García,1,1999-07-24,Masculino,246,80,{},1998-08-16,2013-04-30,2010-12-12
203,125,daniel,fernando@gmail.com,hash3,Fernando López,2,2015-04-29,Femenino,161,69,{},2018-07-22,2010-12-03,1998-06-14
204,168,daniel,fernando@gmail.com,hash2,Juan Pérez,1,1999-02-15,Masculino,196,178,{},2017-03-24,2010-01-30,1995-01-02
205,178,fernando,juan@gmail.com,hash3,Daniel García,3,2003-04-04,Femenino,43,36,{},2000-09-02,1997-12-04,2001-06-29
206,138,juan,daniel@gmail.com,hash1,Daniel García,3,2009-08-08,Femenino,170,103,{},2016-09-30,2005-02-27,1991-01-12
207,33,fernando,daniel@gmail.com,hash1,Fernando López,3,2003-07-25,Femenino,137,84,{},2014-01-17,2007-01-08,2003-04-09
208,193,daniel,fernando@gmail.com,hash1,Fernando López,3,2009-07-17,Masculino,172,89,{},1997-10-28,1992-02-10,2010-05-10
209,140,fernando,juan@gmail.com,hash1,Juan Pérez,3,1997-05-21,Masculino,14,52,{},1996-11-29,2004-01-07,1991-05-27
210,101,fernando,juan@gmail.com,hash3,Juan Pérez,1,1996-12-11,Femenino,1,99,{},2005-09-27,2006-03-04,2005-01-03
211,147,daniel,fernando@gmail.com,hash1,Fernando López,2,2016-07-15,Femenino,240,16,{},2011-06-13,2012-12-17,2016-05-05
212,28,daniel,fernando@gmail.com,hash2,Juan Pérez,3,2015-01-06,Masculino,79,6,{},2001-10-26,1997-03-18,1994-10-17
213,128,fernando,juan@gmail.com,hash3,Fernando López,2,2012-05-03,Masculino,67,54,{},1991-04-14,2004-04-18,2006-10-02
214,128,fernando,fernando@gmail.com,hash3,Fernando López,1,2001-02-28,Femenino,15,57,{},2017-05-03,1998-01-17,1996-10-21
215,57,juan,daniel@gmail.com,hash3,Fernando López,3,2012-01-18,Femenino,196,129,{},2011-04-10,1998-08-15,2001-10-20
216,200,juan,juan@gmail.com,hash2,Daniel García,1,2001-02-10,Femenino,197,5,{},2015-10-27,2012-09-21,2001-10-05
217,154,juan,daniel@gmail.com,hash1,Fernando López,3,1990-04-21,Femenino,230,194,{},2006-01-12,2004-01-16,2016-12-11
218,119,daniel,fernando@gmail.com,hash2,Daniel García,3,2017-09-13,Femenino,125,69,{},1999-05-23,1995-05-07,2018-11-23
219,132,fernando,juan@gmail.com,hash2,Daniel García,3,1997-08-23,Femenino,225,194,{},2004-02-27,1993-02-16,2011-07-29
220,23,juan,fernando@gmail.com,hash3,Fernando López,2,1990-08-02,Masculino,9,139,{},2014-10-23,2002-07-03,2006-07-22
221,68,daniel,juan@gmail.com,hash2,Fernando López,2,1994-04-19,Masculino,239,44,{},2015-07-03,2015-07-16,2019-09-20
222,44,daniel,daniel@gmail.com,hash3,Fernando López,3,1990-11-18,Masculino,246,6,{},1997-05-19,2005-05-07,1990-07-20
223,50,daniel,juan@gmail.com,hash3,Juan Pérez,2,1998-02-09,Femenino,220,4,{},2013-06-15,2003-03-02,2012-03-08
224,135,juan,juan@gmail.com,hash1,Fernando López,1,2013-09-09,Femenino,44,46,{},2010-04-24,2005-05-19,1991-06-14
225,89,juan,juan@gmail.com,hash3,Juan Pérez,1,1993-03-25,Masculino,155,48,{},2009-02-09,2013-03-12,2011-02-06
226,194,fernando,daniel@gmail.com,hash1,Daniel García,2,1993-01-29,Femenino,56,35,{},2015-01-08,2001-10-13,2005-06-22
227,26,fernando,fernando@gmail.com,hash2,Fernando López,3,2017-09-13,Masculino,197,166,{},1992-12-09,1990-11-06,2000-04-17
228,153,daniel,daniel@gmail.com,hash1,Juan Pérez,1,2004-03-31,Femenino,242,93,{},2005-11-23,1992-10-02,1997-01-10
229,6,fernando,daniel@gmail.com,hash3,Juan Pérez,1,2012-09-09,Masculino,237,23,{},2009-03-02,2004-12-01,2016-10-06
230,118,juan,daniel@gmail.com,hash2,Fernando López,3,2011-05-21,Femenino,205,58,{},1990-04-25,2009-11-03,2006-03-07
231,56,daniel,fernando@gmail.com,hash3,Fernando López,2,1993-08-15,Masculino,159,2,{},2008-09-08,2004-10-04,2017-12-02
232,13,daniel,juan@gmail.com,hash2,Fernando López,3,1992-01-15,Femenino,153,182,{},2010-10-30,2006-10-09,1998-10-06
233,162,fernando,fernando@gmail.com,hash2,Daniel García,3,1997-11-10,Masculino,116,154,{},1993-06-17,2010-09-25,1998-07-23
234,93,juan,juan@gmail.com,hash2,Daniel García,3,2005-10-01,Masculino,113,93,{},1991-10-26,2010-07-03,2001-06-06
235,116,daniel,juan@gmail.com,hash1,Daniel García,2,2001-08-12,Femenino,188,128,{},2008-09-30,1993-09-17,2012-08-16
236,69,daniel,juan@gmail.com,hash2,Fernando López,1,1998-05-06,Masculino,137,100,{},1999-02-18,1994-08-19,1997-11-12
237,10,daniel,fernando@gmail.com,hash2,Daniel García,3,1993-06-19,Femenino,172,131,{},2006-06-16,2011-09-10,2015-10-31
238,113,daniel,daniel@gmail.com,hash3,Juan Pérez,2,1996-09-02,Masculino,217,74,{},2010-07-31,2005-02-10,2011-09-17
239,105,fernando,daniel@gmail.com,hash3,Fernando López,1,2012-07-21,Masculino,45,140,{},2003-04-28,1990-10-12,2000-05-11
240,57,daniel,juan@gmail.com,hash2,Daniel García,1,2001-05-02,Femenino,120,28,{},1994-05-31,2015-09-26,2011-12-14
241,109,daniel,daniel@gmail.com,hash3,Fernando López,1,2003-09-19,Femenino,196,23,{},1999-02-04,2000-12-13,2011-12-15
242,174,daniel,juan@gmail.com,hash1,Juan Pérez,1,2012-02-29,Masculino,98,163,{},2001-05-29,2016-02-11,1993-01-17
243,18,fernando,daniel@gmail.com,hash1,Daniel García,3,2019-06-28,Femenino,195,72,{},2016-01-12,1995-06-12,2001-01-10
244,54,fernando,juan@gmail.com,hash3,Juan Pérez,1,2002-08-30,Masculino,130,46,{},2002-03-05,2016-05-16,2017-08-11
245,160,daniel,daniel@gmail.com,hash2,Juan Pérez,3,2002-01-08,Masculino,140,132,{},2010-04-12,1998-08-01,2017-12-09
246,172,fernando,daniel@gmail.com,hash1,Fernando López,3,2005-11-22,Masculino,114,28,{},1997-03-13,1997-04-20,1992-01-02
247,189,juan,daniel@gmail.com,hash2,Juan Pérez,1,2008-05-09,Masculino,201,198,{},1997-07-28,1998-07-15,2012-04-12
248,175,daniel,fernando@gmail.com,hash3,Fernando López,2,2004-11-28,Femenino,161,162,{},1997-03-17,1995-09-01,2002-04-24
249,32,fernando,fernando@gmail.com,hash2,Juan Pérez,1,2018-08-05,Masculino,191,132,{},2001-07-29,2008-10-29,1997-10-14
250,93,fernando,fernando@gmail.com,hash3,Juan Pérez,1,1993-03-26,Femenino,195,135,{},1993-09-24,2018-02-08,2001-04-04
251,6,fernando,daniel@gmail.com,hash2,Juan Pérez,2,2008-07-27,Masculino,46,196,{},2011-03-08,1994-04-27,2019-10-06
252,93,fernando,fernando@gmail.com,hash3,Fernando López,1,2008-04-30,Femenino,117,31,{},2019-04-18,1997-03-20,2013-11-10
253,29,daniel,juan@gmail.com,hash1,Juan Pérez,3,1999-06-11,Femenino,173,62,{},2010-09-11,2018-02-28,2006-07-22
254,26,daniel,daniel@gmail.com,hash3,Daniel García,3,2014-02-14,Femenino,184,58,{},2005-09-24,2007-01-03,2002-04-13
255,1,fernando,daniel@gmail.com,hash1,Daniel García,1,2016-05-03,Masculino,164,199,{},1999-03-17,2005-11-04,1997-08-17
256,191,fernando,daniel@gmail.com,hash3,Fernando López,2,2000-10-07,Masculino,74,115,{},2004-08-31,1993-11-27,2008-08-16
257,187,juan,daniel@gmail.com,hash1,Daniel García,3,2019-04-27,Femenino,238,58,{},2002-10-18,2016-07-13,1998-10-28
258,37,fernando,juan@gmail.com,hash3,Juan Pérez,2,2000-08-15,Masculino,179,61,{},2011-07-04,2016-10-31,2002-08-24
259,178,daniel,fernando@gmail.com,hash1,Daniel García,3,2002-12-17,Masculino,29,147,{},1991-11-22,1992-01-08,1998-11-04
260,64,daniel,juan@gmail.com,hash3,Fernando López,3,2005-03-31,Femenino,185,95,{},1997-02-04,2015-04-13,1995-01-25
261,127,juan,daniel@gmail.com,hash2,Fernando López,1,2019-08-21,Femenino,6,129,{},2015-02-09,2018-09-05,2014-03-09
262,109,daniel,juan@gmail.com,hash2,Daniel García,2,2011-02-13,Masculino,119,159,{},1990-05-18,2018-09-20,2003-07-07
263,66,fernando,juan@gmail.com,hash1,Fernando López,1,2004-02-17,Masculino,102,58,{},2003-09-03,2001-03-26,1996-05-16
264,15,juan,fernando@gmail.com,hash2,Daniel García,3,2018-12-17,Masculino,199,140,{},2018-06-19,2001-08-14,2013-09-24
265,87,juan,daniel@gmail.com,hash2,Juan Pérez,1,2014-01-04,Femenino,141,72,{},1991-07-23,2009-02-05,1993-05-10
266,116,daniel,fernando@gmail.com,hash3,Juan Pérez,1,1990-07-14,Masculino,84,79,{},2014-08-28,2019-12-06,1994-02-01
267,103,daniel,juan@gmail.com,hash1,Fernando López,1,1992-03-10,Masculino,5,105,{},1999-11-22,2006-01-04,1999-10-15
268,161,juan,daniel@gmail.com,hash1,Daniel García,2,1991-07-29,Femenino,239,52,{},2014-03-22,2009-03-26,1995-08-17
269,5,daniel,daniel@gmail.com,hash1,Juan Pérez,1,1998-11-24,Masculino,248,166,{},2014-01-10,2000-02-20,1999-12-22
270,192,juan,daniel@gmail.com,hash3,Daniel García,2,2006-04-14,Femenino,203,44,{},1995-06-06,2009-01-14,2011-03-27
271,42,juan,daniel@gmail.com,hash2,Fernando López,1,1990-12-01,Femenino,76,11,{},2011-06-29,2016-01-06,1997-12-17
272,71,fernando,daniel@gmail.com,hash2,Daniel García,3,1997-06-08,Masculino,208,159,{},1999-01-19,1992-03-19,2003-11-06
273,64,daniel,fernando@gmail.com,hash1,Juan Pérez,1,2009-05-04,Masculino,138,114,{},2008-04-03,2002-07-29,2008-12-24
274,44,juan,fernando@gmail.com,hash1,Juan Pérez,1,1997-10-29,Masculino,239,138,{},2008-07-24,2011-12-08,2000-07-25
275,121,juan,daniel@gmail.com,hash2,Fernando López,2,2011-06-21,Masculino,54,144,{},1993-07-11,2018-10-24,2004-03-21
276,145,juan,daniel@gmail.com,hash1,Daniel García,2,2015-08-25,Femenino,13,75,{},2015-07-05,2017-01-10,1993-12-24
277,189,daniel,daniel@gmail.com,hash2,Juan Pérez,1,1991-11-11,Masculino,237,87,{},1994-11-01,2002-02-19,2007-07-31
278,95,daniel,juan@gmail.com,hash3,Juan Pérez,3,2001-12-11,Masculino,248,3,{},2018-12-13,1999-09-16,2008-05-16
279,55,daniel,fernando@gmail.com,hash1,Daniel García,2,2010-12-02,Masculino,133,112,{},1995-12-01,2010-11-15,2015-12-06
280,131,juan,fernando@gmail.com,hash1,Juan Pérez,1,1996-07-19,Femenino,210,76,{},2019-05-13,1993-11-12,1996-09-30
281,31,fernando,daniel@gmail.com,hash3,Juan Pérez,2,2002-10-30,Femenino,226,108,{},2015-06-19,2017-02-12,1995-05-04
282,174,daniel,juan@gmail.com,hash3,Daniel García,1,2010-07-16,Femenino,114,58,{},1992-01-26,2011-07-09,2002-02-18
283,122,fernando,juan@gmail.com,hash3,Fernando López,3,1993-11-20,Femenino,50,107,{},2005-12-29,2014-07-24,2017-04-16
284,111,fernando,fernando@gmail.com,hash1,Fernando López,1,2015-05-04,Masculino,95,54,{},2019-07-23,2016-05-11,2012-06-14
285,67,daniel,fernando@gmail.com,hash2,Juan Pérez,1,1990-05-24,Masculino,175,151,{},2010-06-01,2014-06-04,2000-10-12
286,27,fernando,fernando@gmail.com,hash3,Fernando López,3,2014-05-17,Masculino,182,187,{},2010-04-14,2006-08-15,2008-08-07
287,9,juan,daniel@gmail.com,hash1,Daniel García,3,2015-04-04,Masculino,62,101,{},1992-06-05,2011-05-25,1995-11-18
288,138,daniel,daniel@gmail.com,hash2,Fernando López,3,1995-10-31,Masculino,16,32,{},2000-06-16,2004-02-12,1990-02-03
289,131,daniel,daniel@gmail.com,hash1,Daniel García,3,2017-12-17,Femenino,222,114,{},2017-08-19,1992-01-25,2003-03-24
290,139,juan,juan@gmail.com,hash2,Juan Pérez,3,2019-01-21,Masculino,136,15,{},2006-10-20,1999-06-21,1997-06-19
291,152,fernando,juan@gmail.com,hash2,Juan Pérez,3,1990-09-28,Masculino,158,94,{},1991-07-08,1993-11-14,2005-06-22
292,138,juan,juan@gmail.com,hash2,Fernando López,1,2006-04-05,Femenino,164,101,{},2011-10-01,2000-04-20,2002-05-30
293,184,daniel,daniel@gmail.com,hash2,Fernando López,2,2014-01-08,Femenino,115,101,{},2013-01-03,1997-09-05,1996-01-21
294,194,juan,daniel@gmail.com,hash3,Daniel García,2,2012-03-17,Masculino,172,14,{},2017-04-30,2007-11-14,1993-11-06
295,11,fernando,fernando@gmail.com,hash3,Juan Pérez,2,1990-12-28,Masculino,50,21,{},2000-10-02,2010-08-17,2014-03-28
296,110,daniel,fernando@gmail.com,hash2,Daniel García,2,2002-05-15,Femenino,62,69,{},2018-06-26,2009-01-27,2001-10-08
297,30,daniel,daniel@gmail.com,hash2,Juan Pérez,2,2000-06-04,Femenino,223,70,{},1993-11-19,2006-04-21,1994-12-09
298,107,juan,fernando@gmail.com,hash1,Fernando López,1,2007-07-14,Masculino,121,145,{},1993-11-19,2009-09-10,2019-02-14
299,130,daniel,fernando@gmail.com,hash1,Juan Pérez,2,2018-11-28,Masculino,95,61,{},1990-03-15,1997-11-06,2014-02-28
300,164,daniel,fernando@gmail.com,hash3,Daniel García,2,1996-12-27,Masculino,235,36,{},2011-08-13,2001-06-11,1995-01-11
301,89,fernando,fernando@gmail.com,hash3,Daniel García,1,1997-09-17,Masculino,201,162,{},2019-04-24,2016-08-04,2016-09-19
302,108,fernando,juan@gmail.com,hash1,Fernando López,3,1992-04-24,Femenino,221,171,{},2019-04-09,2010-01-30,2016-09-18
303,112,juan,fernando@gmail.com,hash1,Fernando López,1,2002-03-16,Femenino,238,32,{},1990-04-11,2004-11-12,2018-02-17
304,88,daniel,fernando@gmail.com,hash2,Fernando López,3,2013-04-23,Femenino,190,134,{},2009-09-23,1991-02-03,1991-07-05
305,46,juan,juan@gmail.com,hash1,Juan Pérez,1,1996-01-28,Masculino,205,8,{},2015-09-07,2007-07-18,1990-10-27
306,191,juan,daniel@gmail.com,hash3,Juan Pérez,3,2003-09-03,Femenino,250,19,{},2006-09-11,2006-03-06,1994-05-05
307,0,juan,fernando@gmail.com,hash1,Juan Pérez,3,2016-04-17,Masculino,188,124,{},1991-05-27,2011-11-15,2008-09-24
308,83,fernando,fernando@gmail.com,hash3,Daniel García,2,2015-04-30,Femenino,68,0,{},2017-04-13,2019-02-06,2016-05-21
309,43,fernando,daniel@gmail.com,hash3,Daniel García,3,2019-02-02,Masculino,238,14,{},1994-02-17,1999-05-24,2013-12-26
310,122,daniel,fernando@gmail.com,hash3,Fernando López,1,1994-10-21,Femenino,59,185,{},2011-10-14,1999-01-27,2001-09-14
311,170,juan,juan@gmail.com,hash1,Fernando López,2,2010-05-09,Femenino,42,79,{},1995-11-21,2016-07-05,2017-02-18
312,9,daniel,daniel@gmail.com,hash1,Daniel García,2,1996-10-03,Femenino,204,147,{},2018-08-08,2013-11-06,1997-03-18
313,82,juan,fernando@gmail.com,hash1,Fernando López,2,2004-05-19,Femenino,198,27,{},2005-08-29,2003-04-07,2016-05-23
314,69,fernando,daniel@gmail.com,hash1,Fernando López,3,2011-09-01,Masculino,103,70,{},1992-08-06,2013-12-05,2014-07-21
315,100,fernando,fernando@gmail.com,hash2,Juan Pérez,3,1997-05-15,Femenino,45,63,{},2016-05-01,2005-06-30,1992-01-13
316,154,juan,fernando@gmail.com,hash3,Daniel García,3,1998-03-26,Femenino,175,107,{},2015-09-27,1995-01-29,2013-06-28
317,177,fernando,juan@gmail.com,hash1,Fernando López,3,2005-02-25,Femenino,201,172,{},2007-09-17,1991-12-02,2004-06-04
318,128,fernando,juan@gmail.com,hash1,Juan Pérez,1,1990-04-25,Femenino,48,117,{},2012-12-27,2002-01-30,1998-02-22
319,189,fernando,juan@gmail.com,hash2,Juan Pérez,2,1999-04-13,Femenino,12,59,{},1996-11-24,2010-06-16,1997-04-20
320,121,juan,juan@gmail.com,hash3,Juan Pérez,3,1997-01-20,Masculino,9,76,{},2018-11-14,1991-07-29,2013-02-24
321,160,daniel,daniel@gmail.com,hash1,Daniel García,1,1999-03-20,Masculino,246,122,{},2015-12-13,2001-06-30,2018-04-11
322,104,daniel,daniel@gmail.com,hash1,Fernando López,1,2017-12-10,Femenino,179,200,{},2007-03-31,2006-06-06,2005-03-28
323,119,juan,juan@gmail.com,hash1,Daniel García,1,2002-08-04,Femenino,39,167,{},2017-12-23,2011-11-30,2006-07-22
324,36,fernando,juan@gmail.com,hash3,Juan Pérez,2,1997-05-21,Masculino,70,139,{},2002-09-07,1993-08-16,2000-09-02
325,111,fernando,daniel@gmail.com,hash1,Fernando López,3,2001-09-09,Femenino,72,129,{},2012-04-05,2009-08-29,2014-01-03
326,124,daniel,fernando@gmail.com,hash3,Daniel García,3,2007-11-03,Femenino,148,158,{},2003-01-15,2017-12-30,1990-04-05
327,65,daniel,juan@gmail.com,hash1,Fernando López,3,2002-06-28,Masculino,156,9,{},1998-07-07,2009-11-11,2002-12-16
328,148,juan,daniel@gmail.com,hash1,Daniel García,2,1991-08-16,Femenino,44,22,{},1994-07-27,2010-08-12,2001-10-17
329,167,fernando,fernando@gmail.com,hash2,Juan Pérez,2,2007-07-12,Femenino,144,68,{},2001-06-28,1990-04-18,1991-12-15
330,27,juan,daniel@gmail.com,hash2,Daniel García,1,1991-10-04,Masculino,205,83,{},1996-07-03,2013-08-19,2013-10-07
331,136,fernando,fernando@gmail.com,hash2,Juan Pérez,1,1991-10-30,Masculino,70,93,{},2007-05-03,1999-05-03,2013-07-14
332,9,juan,juan@gmail.com,hash2,Fernando López,1,1996-01-07,Masculino,129,111,{},2017-11-23,2004-03-08,2015-10-04
333,26,daniel,fernando@gmail.com,hash3,Juan Pérez,2,2018-11-25,Femenino,138,10,{},2010-01-18,1995-01-04,2011-07-11
334,199,juan,daniel@gmail.com,hash1,Daniel García,1,2003-06-02,Masculino,79,24,{},2000-09-30,2005-01-14,2019-03-15
335,54,daniel,juan@gmail.com,hash3,Fernando López,2,2009-03-13,Femenino,111,177,{},2014-11-06,2002-04-09,2000-06-04
336,32,juan,daniel@gmail.com,hash3,Juan Pérez,1,1990-05-11,Masculino,139,53,{},2013-09-19,2005-11-30,2007-12-03
337,41,juan,daniel@gmail.com,hash1,Juan Pérez,2,2005-10-12,Masculino,180,179,{},2012-08-28,2016-06-01,2002-04-09
338,171,daniel,juan@gmail.com,hash2,Daniel García,3,2015-11-16,Masculino,63,186,{},2007-01-04,2015-05-27,1995-03-24
339,150,daniel,fernando@gmail.com,hash1,Fernando López,1,2018-02-02,Femenino,22,114,{},1992-10-09,2004-11-29,2006-11-13
340,123,fernando,juan@gmail.com,hash2,Juan Pérez,1,2005-04-15,Masculino,1,13,{},2017-05-18,2011-10-21,2000-11-22
341,25,fernando,juan@gmail.com,hash1,Juan Pérez,1,1995-07-15,Femenino,240,82,{},2001-09-29,2004-07-28,1994-01-06
342,147,juan,juan@gmail.com,hash2,Fernando López,2,2015-05-22,Femenino,48,124,{},2001-09-16,2009-01-15,2018-12-23
343,34,fernando,daniel@gmail.com,hash1,Daniel García,2,2010-04-06,Femenino,38,70,{},2018-10-31,2004-05-27,2001-10-14
344,11,fernando,fernando@gmail.com,hash1,Fernando López,3,2004-11-12,Femenino,146,116,{},1999-06-24,1996-09-14,1999-06-03
345,76,daniel,juan@gmail.com,hash3,Daniel García,2,2013-05-22,Masculino,153,90,{},2002-06-02,2003-09-20,1997-11-09
346,40,juan,fernando@gmail.com,hash2,Fernando López,1,2012-12-22,Masculino,16,103,{},2016-08-10,1995-08-22,1999-10-02
347,26,fernando,juan@gmail.com,hash2,Juan Pérez,1,2008-07-03,Masculino,88,184,{},1996-04-22,2014-06-10,1993-06-16
348,159,fernando,fernando@gmail.com,hash3,Fernando López,1,2014-04-19,Femenino,113,132,{},2015-04-26,2013-03-04,2002-12-17
349,76,daniel,juan@gmail.com,hash1,Daniel García,2,1997-12-26,Masculino,148,172,{},1994-02-22,2014-03-28,2009-08-18
350,113,fernando,juan@gmail.com,hash3,Fernando López,2,2015-05-13,Masculino,7,78,{},2012-11-26,2004-10-03,2008-11-28
351,121,daniel,daniel@gmail.com,hash3,Juan Pérez,3,1994-09-27,Masculino,227,186,{},1994-01-30,2015-10-19,1990-09-24
352,62,fernando,fernando@gmail.com,hash1,Juan Pérez,3,2003-04-19,Masculino,80,84,{},1994-03-16,2005-04-06,1999-01-07
353,51,daniel,daniel@gmail.com,hash3,Fernando López,1,2016-04-24,Femenino,201,192,{},1990-05-25,1997-01-13,2006-03-27
354,51,juan,juan@gmail.com,hash1,Juan Pérez,1,1996-07-15,Masculino,179,42,{},2016-01-20,2005-06-14,2006-11-23
355,151,daniel,fernando@gmail.com,hash1,Daniel García,3,2006-07-20,Masculino,169,153,{},1993-07-25,1990-09-21,1990-01-09
356,97,juan,daniel@gmail.com,hash1,Fernando López,1,1992-07-05,Masculino,82,143,{},1998-07-29,1999-11-07,2014-01-18
357,155,juan,fernando@gmail.com,hash2,Juan Pérez,2,2003-11-21,Masculino,103,112,{},2001-06-26,1996-06-07,1999-08-23
358,31,daniel,juan@gmail.com,hash3,Fernando López,1,2011-03-27,Femenino,248,130,{},2001-01-14,1998-06-17,2009-02-05
359,86,daniel,daniel@gmail.com,hash2,Daniel García,1,2014-06-04,Femenino,63,161,{},1999-03-04,1995-08-23,1997-09-21
360,12,fernando,juan@gmail.com,hash1,Juan Pérez,3,1995-10-14,Masculino,247,38,{},1996-06-03,2019-04-30,1999-10-30
361,171,daniel,fernando@gmail.com,hash2,Juan Pérez,1,2012-11-03,Femenino,130,172,{},1995-09-30,1994-12-31,1993-11-06
362,32,fernando,juan@gmail.com,hash3,Daniel García,2,2007-01-31,Femenino,215,96,{},1991-12-08,1998-06-15,2002-08-02
363,72,juan,fernando@gmail.com,hash2,Juan Pérez,2,2016-06-09,Masculino,57,16,{},1991-02-25,1995-12-30,2000-08-29
364,129,juan,daniel@gmail.com,hash2,Daniel García,1,1995-11-20,Femenino,218,166,{},1990-03-18,1995-04-24,2002-08-27
365,41,fernando,juan@gmail.com,hash2,Fernando López,2,2001-05-12,Masculino,123,50,{},2010-07-19,2012-12-28,2007-08-19
366,166,juan,juan@gmail.com,hash1,Juan Pérez,1,2007-06-02,Femenino,170,15,{},1990-04-16,1995-06-04,2010-01-11
367,56,juan,fernando@gmail.com,hash1,Daniel García,3,2002-10-14,Masculino,151,33,{},2012-05-09,1998-09-15,1996-11-23
368,135,juan,fernando@gmail.com,hash1,Fernando López,2,1999-11-29,Masculino,83,13,{},2012-07-30,2005-01-25,2000-03-25
369,186,fernando,daniel@gmail.com,hash2,Fernando López,1,2011-02-23,Femenino,2,200,{},1990-11-19,1992-06-30,2018-10-06
370,118,daniel,daniel@gmail.com,hash3,Fernando López,2,2012-01-16,Masculino,201,45,{},2016-09-11,2012-11-13,1994-02-06
371,23,fernando,daniel@gmail.com,hash3,Juan Pérez,1,1995-03-25,Masculino,23,134,{},2007-05-05,1998-04-15,2003-01-05
372,47,fernando,daniel@gmail.com,hash1,Fernando López,1,2019-06-21,Masculino,129,98,{},2003-11-19,2011-12-04,2005-03-17
373,5,fernando,daniel@gmail.com,hash3,Juan Pérez,3,2003-04-06,Masculino,153,1,{},1995-09-10,2013-06-29,1999-08-25
374,160,daniel,fernando@gmail.com,hash2,Juan Pérez,3,2017-01-20,Femenino,162,33,{},2002-03-01,1993-03-04,2000-06-13
375,53,daniel,fernando@gmail.com,hash2,Juan Pérez,2,2010-09-15,Masculino,67,15,{},2008-03-17,1990-08-11,2003-04-24
376,48,juan,fernando@gmail.com,hash2,Daniel García,2,1995-06-01,Masculino,165,120,{},1998-03-17,2014-12-05,1999-02-25
377,154,juan,juan@gmail.com,hash3,Fernando López,1,2002-04-04,Femenino,241,10,{},2004-12-22,2008-08-08,2012-11-27
378,32,daniel,fernando@gmail.com,hash3,Fernando López,1,1999-03-30,Masculino,90,29,{},2015-06-08,1991-04-09,1990-04-20
379,172,fernando,juan@gmail.com,hash2,Juan Pérez,1,2001-08-31,Femenino,31,59,{},1995-02-05,1997-12-12,2006-08-06
380,60,daniel,juan@gmail.com,hash1,Juan Pérez,1,2009-02-11,Masculino,246,156,{},2015-03-20,2015-05-07,2013-11-27
381,115,daniel,juan@gmail.com,hash1,Juan Pérez,3,2018-05-30,Masculino,230,33,{},1995-07-28,2013-05-16,1991-04-08
382,76,juan,fernando@gmail.com,hash3,Juan Pérez,3,2003-08-31,Femenino,169,102,{},1995-03-30,1999-07-15,1999-09-23
383,200,juan,fernando@gmail.com,hash1,Fernando López,3,2003-04-24,Masculino,245,66,{},2018-04-26,2018-12-05,1998-08-04
384,94,daniel,fernando@gmail.com,hash3,Fernando López,2,2010-11-28,Masculino,204,199,{},1992-02-02,1997-09-11,2009-12-01
385,80,daniel,juan@gmail.com,hash2,Fernando López,3,1991-05-04,Masculino,183,191,{},1999-06-25,1996-03-27,2013-01-23
386,162,daniel,daniel@gmail.com,hash1,Daniel García,1,2012-06-02,Masculino,161,175,{},1999-12-01,2006-11-12,2013-01-01
387,156,fernando,fernando@gmail.com,hash1,Fernando López,1,2005-08-28,Masculino,199,167,{},2016-08-23,2009-07-25,1995-10-16
388,18,daniel,daniel@gmail.com,hash3,Juan Pérez,3,2014-09-01,Masculino,173,134,{},1994-07-30,2009-03-21,2008-11-17
389,15,daniel,fernando@gmail.com,hash3,Fernando López,2,2004-12-31,Femenino,59,110,{},2005-08-26,2017-08-24,1999-09-26
390,83,daniel,daniel@gmail.com,hash2,Fernando López,2,2005-05-29,Femenino,53,109,{},1992-09-15,1993-03-03,1995-01-17
391,139,fernando,daniel@gmail.com,hash2,Fernando López,2,1996-07-01,Masculino,73,84,{},2018-07-12,1992-07-05,1990-01-18
392,197,fernando,fernando@gmail.com,hash1,Daniel García,1,1997-08-14,Masculino,208,190,{},1992-11-30,2011-04-04,2009-07-26
393,186,juan,fernando@gmail.com,hash1,Juan Pérez,1,2002-08-13,Femenino,73,124,{},2013-08-14,1997-05-21,2011-11-28
394,158,daniel,juan@gmail.com,hash3,Daniel García,2,2013-07-27,Femenino,52,167,{},2007-09-24,1999-01-10,2014-12-02
395,138,daniel,daniel@gmail.com,hash1,Daniel García,1,2012-01-25,Femenino,201,190,{},1999-05-23,2005-04-12,2013-03-02
396,21,juan,juan@gmail.com,hash3,Fernando López,1,1998-11-15,Masculino,37,171,{},2004-08-20,2013-03-14,2011-07-08
397,59,juan,daniel@gmail.com,hash2,Fernando López,3,2017-07-31,Femenino,111,59,{},2019-12-02,1994-02-11,2005-12-21
398,126,fernando,juan@gmail.com,hash1,Daniel García,3,1996-07-15,Femenino,185,191,{},2009-04-18,1991-06-22,1990-07-02
399,146,daniel,fernando@gmail.com,hash3,Daniel García,3,2013-02-28,Femenino,32,57,{},1990-07-23,2004-06-22,2001-01-25
400,67,juan,fernando@gmail.com,hash1,Fernando López,3,1993-02-06,Masculino,131,122,{},2002-01-18,1996-01-03,2002-08-12
401,58,juan,fernando@gmail.com,hash3,Fernando López,3,2000-04-03,Femenino,229,21,{},1996-08-10,2001-10-16,1998-02-22
402,82,juan,daniel@gmail.com,hash1,Juan Pérez,2,1999-09-05,Femenino,196,16,{},2007-09-27,1991-01-12,2019-07-06
403,170,fernando,fernando@gmail.com,hash3,Fernando López,3,2016-09-07,Masculino,233,185,{},2006-06-18,2007-08-17,2000-11-25
404,63,daniel,juan@gmail.com,hash2,Daniel García,2,1992-11-23,Masculino,174,42,{},1993-06-02,2014-05-31,2009-03-09
405,120,fernando,juan@gmail.com,hash3,Daniel García,1,2014-08-24,Femenino,189,121,{},2000-06-17,2009-07-24,2013-10-28
406,99,juan,daniel@gmail.com,hash2,Fernando López,2,1997-05-24,Femenino,188,24,{},2009-04-03,2015-07-16,1990-07-06
407,29,juan,daniel@gmail.com,hash3,Fernando López,3,2011-06-08,Femenino,27,2,{},2006-11-20,2011-08-05,2014-12-07
408,189,daniel,juan@gmail.com,hash1,Juan Pérez,3,1996-10-23,Femenino,99,38,{},2010-06-26,2014-04-15,1993-01-07
409,81,fernando,daniel@gmail.com,hash3,Juan Pérez,3,2000-02-12,Masculino,88,161,{},2013-11-29,2005-06-06,2007-01-08
410,62,fernando,juan@gmail.com,hash1,Juan Pérez,1,1990-01-02,Masculino,108,10,{},2016-01-02,2003-06-11,2002-07-03
411,26,fernando,fernando@gmail.com,hash3,Juan Pérez,3,2002-05-12,Masculino,243,168,{},1997-02-22,2016-11-17,2017-02-25
412,116,fernando,daniel@gmail.com,hash2,Fernando López,3,2014-04-30,Femenino,63,181,{},2010-08-12,1995-01-06,1994-06-15
413,131,juan,daniel@gmail.com,hash3,Daniel García,2,1990-01-05,Femenino,39,75,{},1990-10-02,1993-05-04,2008-03-19
414,90,daniel,daniel@gmail.com,hash2,Fernando López,1,2004-08-14,Masculino,24,102,{},2017-11-22,1994-08-25,2010-07-13
415,114,juan,juan@gmail.com,hash1,Daniel García,2,2004-08-31,Femenino,99,1,{},2001-06-23,2009-05-10,2001-12-16
416,45,juan,fernando@gmail.com,hash2,Daniel García,2,2005-06-28,Masculino,72,24,{},1996-08-15,1995-01-07,2000-09-04
417,146,daniel,daniel@gmail.com,hash2,Daniel García,1,1999-09-25,Masculino,181,125,{},2010-06-26,2015-03-15,2004-11-06
418,196,daniel,daniel@gmail.com,hash3,Daniel García,1,2009-03-16,Masculino,10,20,{},1998-09-11,1999-02-11,2012-07-27
419,79,juan,fernando@gmail.com,hash3,Fernando López,1,2011-08-13,Masculino,238,113,{},2006-11-29,2019-03-01,2005-06-22
420,5,juan,daniel@gmail.com,hash2,Daniel García,2,2017-11-07,Masculino,8,105,{},2016-11-03,1998-11-10,2005-02-07
421,142,juan,fernando@gmail.com,hash1,Juan Pérez,1,2019-01-05,Femenino,189,14,{},2000-10-04,2000-04-29,2004-10-09
422,87,daniel,juan@gmail.com,hash3,Daniel García,3,2013-07-02,Masculino,205,50,{},2018-03-06,2001-10-10,1996-11-25
423,96,juan,juan@gmail.com,hash1,Daniel García,2,2010-08-06,Masculino,114,193,{},2018-07-19,1998-04-09,1996-09-22
424,175,juan,daniel@gmail.com,hash1,Daniel García,3,2015-07-05,Masculino,144,143,{},2018-07-27,2009-08-13,1997-10-24
425,14,daniel,fernando@gmail.com,hash3,Fernando López,2,1997-01-01,Femenino,38,151,{},1998-07-05,2019-07-08,1997-12-23
426,175,daniel,juan@gmail.com,hash3,Daniel García,2,1990-05-10,Femenino,230,161,{},2013-11-08,1992-08-06,2010-04-03
427,196,fernando,fernando@gmail.com,hash1,Daniel García,2,2019-08-27,Femenino,104,102,{},1996-03-03,1993-11-09,2001-05-17
428,49,fernando,daniel@gmail.com,hash2,Fernando López,2,2010-08-06,Masculino,173,136,{},2006-08-27,1996-10-13,2014-05-17
429,157,daniel,daniel@gmail.com,hash2,Daniel García,3,2001-04-28,Masculino,182,109,{},2005-07-05,2009-10-23,2008-04-27
430,144,daniel,daniel@gmail.com,hash3,Juan Pérez,1,2004-05-25,Femenino,55,186,{},1998-12-17,2002-01-18,2007-10-15
431,191,fernando,juan@gmail.com,hash1,Fernando López,3,2004-01-21,Femenino,58,50,{},1996-10-02,2015-12-28,1992-09-06
432,103,daniel,fernando@gmail.com,hash3,Juan Pérez,3,1993-07-20,Femenino,87,108,{},2011-10-24,2017-04-16,2002-12-14
433,122,daniel,daniel@gmail.com,hash1,Daniel García,3,2008-10-15,Masculino,94,173,{},2016-08-08,2016-06-27,2014-07-04
434,90,juan,daniel@gmail.com,hash3,Daniel García,1,1995-09-15,Masculino,117,81,{},2019-12-16,2007-06-30,1993-07-21
435,174,daniel,juan@gmail.com,hash1,Fernando López,3,2007-06-02,Femenino,99,17,{},2008-11-17,1993-03-26,2010-11-02
436,107,fernando,fernando@gmail.com,hash3,Daniel García,3,1995-08-09,Masculino,3,129,{},1991-12-27,2004-11-18,2003-11-11
437,129,juan,juan@gmail.com,hash1,Juan Pérez,3,1993-02-20,Masculino,240,74,{},1999-07-01,1998-10-20,2010-12-15
438,115,daniel,daniel@gmail.com,hash3,Daniel García,3,2015-01-24,Masculino,194,23,{},2017-04-14,1997-07-11,1995-11-21
439,21,juan,fernando@gmail.com,hash2,Daniel García,2,1990-03-07,Femenino,178,119,{},2005-02-04,1991-05-26,2011-10-24
440,83,daniel,fernando@gmail.com,hash3,Fernando López,3,1998-08-31,Masculino,219,100,{},2008-02-06,2003-07-14,2013-05-26
441,9,juan,fernando@gmail.com,hash3,Juan Pérez,1,1996-05-24,Femenino,143,54,{},2015-01-30,2001-02-04,1997-06-12
442,11,fernando,juan@gmail.com,hash3,Fernando López,2,2015-12-28,Masculino,187,141,{},2007-08-16,2012-03-25,2006-02-07
443,126,fernando,juan@gmail.com,hash3,Fernando López,2,2012-03-13,Femenino,23,198,{},2016-03-30,1992-07-29,2003-10-09
444,66,daniel,daniel@gmail.com,hash2,Fernando López,2,2012-07-21,Masculino,104,25,{},1992-10-23,1997-07-01,2016-03-07
445,40,fernando,daniel@gmail.com,hash2,Juan Pérez,2,2018-05-05,Masculino,220,5,{},1992-12-21,2011-12-07,2019-01-19
446,94,daniel,juan@gmail.com,hash2,Juan Pérez,2,1999-03-06,Masculino,17,137,{},1999-02-14,1993-08-05,2000-09-25
447,158,juan,fernando@gmail.com,hash1,Fernando López,3,2009-08-18,Femenino,162,89,{},1991-06-14,2013-01-08,2004-08-31
448,57,juan,juan@gmail.com,hash1,Juan Pérez,3,2009-10-30,Femenino,239,172,{},1999-08-09,2004-03-19,2002-03-12
449,195,juan,daniel@gmail.com,hash2,Fernando López,1,2008-03-01,Masculino,69,9,{},2018-12-05,1999-06-19,2011-10-05
450,174,juan,fernando@gmail.com,hash3,Juan Pérez,2,1998-04-11,Femenino,191,183,{},1994-07-08,2005-03-24,2014-06-04
451,88,daniel,fernando@gmail.com,hash1,Juan Pérez,1,2009-04-29,Masculino,125,32,{},1999-01-29,2008-03-13,2014-04-06
452,155,fernando,daniel@gmail.com,hash3,Fernando López,3,2001-03-28,Masculino,112,23,{},1996-07-31,2012-04-27,1998-05-06
453,158,daniel,fernando@gmail.com,hash2,Fernando López,1,1997-02-22,Femenino,117,129,{},2011-04-07,2005-01-26,1992-09-20
454,132,fernando,fernando@gmail.com,hash2,Daniel García,3,2003-09-11,Masculino,153,176,{},2016-03-11,1997-08-27,2007-05-04
455,185,fernando,fernando@gmail.com,hash1,Juan Pérez,1,2018-07-16,Masculino,215,29,{},1992-04-27,1995-05-21,2001-07-26
456,97,daniel,juan@gmail.com,hash1,Juan Pérez,3,2000-09-07,Masculino,229,11,{},2006-06-21,2004-12-13,2011-03-19
457,34,juan,daniel@gmail.com,hash2,Juan Pérez,1,1991-03-24,Masculino,218,24,{},1991-06-18,2000-01-20,1993-07-04
458,66,fernando,fernando@gmail.com,hash1,Fernando López,3,1999-12-03,Masculino,108,171,{},1992-01-23,2018-07-10,2008-06-29
459,108,daniel,daniel@gmail.com,hash3,Juan Pérez,2,1996-10-17,Femenino,46,26,{},1998-04-10,2019-10-27,1996-11-16
460,164,daniel,juan@gmail.com,hash1,Fernando López,1,2007-07-26,Femenino,74,93,{},1997-06-06,2012-11-07,1993-06-11
461,122,fernando,daniel@gmail.com,hash1,Juan Pérez,1,1998-01-14,Femenino,127,57,{},2015-06-12,2004-09-01,2005-04-15
462,119,fernando,juan@gmail.com,hash2,Fernando López,3,2008-08-18,Masculino,0,5,{},1997-04-17,1992-03-04,2010-05-29
463,122,juan,daniel@gmail.com,hash1,Fernando López,3,1996-01-29,Masculino,208,33,{},2014-09-28,2007-08-21,1990-04-12
464,194,fernando,fernando@gmail.com,hash1,Daniel García,2,1993-01-24,Femenino,55,131,{},2006-10-07,2002-05-30,2012-06-16
465,134,daniel,juan@gmail.com,hash1,Fernando López,1,2007-02-27,Masculino,42,192,{},2004-11-08,2001-10-13,1993-11-20
466,1,daniel,daniel@gmail.com,hash2,Fernando López,2,2000-11-23,Femenino,215,102,{},2015-03-24,2012-12-12,1998-11-12
467,182,fernando,juan@gmail.com,hash3,Fernando López,3,2004-08-31,Femenino,79,176,{},2013-11-09,2018-06-05,1998-09-30
468,10,fernando,daniel@gmail.com,hash2,Fernando López,2,2014-06-06,Masculino,175,101,{},2003-09-23,2000-06-18,2009-11-14
469,16,daniel,fernando@gmail.com,hash2,Juan Pérez,1,2017-09-09,Masculino,56,167,{},1993-01-01,1998-01-15,2006-05-10
470,128,juan,fernando@gmail.com,hash1,Fernando López,3,2004-03-31,Masculino,32,130,{},1991-06-02,1995-01-24,1990-07-01
471,156,fernando,fernando@gmail.com,hash2,Fernando López,2,2006-01-05,Masculino,229,36,{},2005-12-21,2010-12-26,2002-10-08
472,57,fernando,juan@gmail.com,hash3,Juan Pérez,3,2016-03-03,Femenino,75,100,{},2001-05-02,2014-12-13,1995-12-20
473,41,daniel,daniel@gmail.com,hash3,Fernando López,1,2004-09-13,Femenino,126,85,{},1992-09-10,1990-12-15,2001-02-26
474,61,juan,fernando@gmail.com,hash1,Daniel García,1,1999-05-25,Masculino,90,66,{},2005-03-23,2007-12-14,2002-01-19
475,140,daniel,fernando@gmail.com,hash3,Juan Pérez,2,2001-08-07,Masculino,7,143,{},2005-06-13,1991-12-29,1994-12-22
476,117,fernando,juan@gmail.com,hash2,Daniel García,2,2003-02-03,Masculino,86,161,{},2006-01-04,1992-06-22,1997-11-21
477,199,fernando,fernando@gmail.com,hash1,Fernando López,3,2011-09-17,Masculino,4,173,{},1991-03-21,2019-10-30,2018-11-15
478,178,juan,daniel@gmail.com,hash2,Daniel García,2,1995-07-09,Femenino,136,20,{},2003-04-26,2000-04-01,2000-08-15
479,52,juan,daniel@gmail.com,hash1,Daniel García,1,2000-02-04,Femenino,166,97,{},1993-08-18,2013-11-30,2000-02-29
480,70,daniel,juan@gmail.com,hash1,Fernando López,1,2013-08-19,Femenino,86,35,{},1993-12-03,2007-02-23,1993-02-05
481,124,fernando,juan@gmail.com,hash3,Daniel García,3,1996-11-03,Femenino,93,167,{},1992-10-08,2016-03-07,2007-01-23
482,141,daniel,juan@gmail.com,hash1,Fernando López,2,1999-03-05,Masculino,245,33,{},1998-12-22,2015-10-05,1995-09-02
483,101,juan,daniel@gmail.com,hash2,Fernando López,1,2016-05-06,Masculino,166,163,{},1997-06-29,2000-10-12,2007-01-23
484,133,fernando,juan@gmail.com,hash3,Fernando López,2,1997-07-03,Femenino,48,41,{},1997-10-04,2000-05-21,2014-12-21
485,100,daniel,daniel@gmail.com,hash1,Daniel García,3,2004-02-28,Masculino,115,186,{},2011-01-08,2005-12-07,1995-10-02
486,198,daniel,fernando@gmail.com,hash1,Fernando López,3,1990-11-20,Femenino,4,161,{},1996-01-02,1996-08-20,2015-04-14
487,195,fernando,juan@gmail.com,hash1,Fernando López,1,1994-05-14,Femenino,151,129,{},2017-12-10,2005-06-11,2007-01-09
488,153,daniel,juan@gmail.com,hash2,Fernando López,2,1995-06-09,Femenino,230,183,{},2001-02-11,2014-04-26,1993-06-01
489,30,juan,juan@gmail.com,hash1,Fernando López,1,1998-01-01,Masculino,172,28,{},2018-10-07,2016-04-08,2005-10-17
490,73,juan,daniel@gmail.com,hash1,Juan Pérez,3,2003-07-19,Femenino,149,114,{},2018-04-18,2017-02-20,2002-03-22
491,35,juan,juan@gmail.com,hash3,Fernando López,3,2005-01-30,Masculino,123,150,{},1994-04-12,2011-06-30,2012-08-17
492,62,juan,juan@gmail.com,hash3,Juan Pérez,3,1994-09-15,Femenino,110,132,{},2009-06-07,1992-03-25,2013-04-09
493,58,juan,juan@gmail.com,hash1,Daniel García,2,2008-11-25,Femenino,7,20,{},2012-07-24,2010-06-26,2018-03-29
494,66,daniel,juan@gmail.com,hash2,Fernando López,3,2007-06-30,Masculino,6,117,{},2007-04-11,2004-03-24,1993-01-22
495,36,fernando,fernando@gmail.com,hash2,Juan Pérez,1,2005-02-23,Masculino,120,186,{},1996-07-05,1993-06-17,1992-03-31
496,121,daniel,fernando@gmail.com,hash3,Fernando López,3,2013-09-20,Femenino,140,61,{},2012-10-30,1998-03-23,2000-10-12
497,103,juan,daniel@gmail.com,hash1,Fernando López,2,1992-03-30,Femenino,49,75,{},1996-08-20,2018-04-29,1998-12-06
498,49,juan,daniel@gmail.com,hash2,Fernando López,2,1997-07-25,Femenino,233,132,{},1991-02-19,1993-09-29,2013-07-07
499,167,juan,juan@gmail.com,hash1,Fernando López,1,2010-05-18,Masculino,185,11,{},2017-06-13,1992-11-24,2011-12-13
500,62,fernando,juan@gmail.com,hash2,Daniel García,1,1999-10-12,Femenino,111,124,{},2017-01-13,1997-09-02,2009-08-18
501,23,juan,juan@gmail.com,hash1,Juan Pérez,3,2013-12-31,Femenino,220,73,{},2004-07-01,2015-02-01,2015-04-19
502,179,fernando,fernando@gmail.com,hash3,Daniel García,3,1994-08-24,Femenino,201,93,{},2001-03-31,1995-07-02,2019-03-21
503,173,juan,fernando@gmail.com,hash2,Daniel García,3,1992-11-10,Femenino,197,74,{},1992-06-25,1995-06-21,2010-07-30
504,156,fernando,juan@gmail.com,hash2,Daniel García,2,2000-04-20,Masculino,173,90,{},2015-05-25,2018-03-25,1991-01-15
505,98,juan,daniel@gmail.com,hash1,Juan Pérez,1,1994-04-26,Masculino,79,6,{},2004-07-26,2009-11-23,2015-06-23
506,176,fernando,juan@gmail.com,hash2,Fernando López,3,2005-11-16,Femenino,136,107,{},2000-06-29,2005-09-03,2000-11-09
507,195,daniel,daniel@gmail.com,hash2,Juan Pérez,3,2004-10-18,Femenino,47,196,{},2005-11-07,2004-02-14,2012-02-24
508,108,fernando,juan@gmail.com,hash3,Juan Pérez,3,1997-09-01,Femenino,41,129,{},2005-02-08,2003-10-16,2013-08-09
509,41,juan,fernando@gmail.com,hash2,Daniel García,1,2014-05-04,Masculino,37,132,{},1994-08-25,1994-05-12,2019-03-10
510,59,daniel,fernando@gmail.com,hash1,Fernando López,2,1991-01-28,Masculino,206,32,{},2014-10-15,2017-05-18,1992-02-28
511,84,fernando,daniel@gmail.com,hash1,Daniel García,3,2010-06-27,Femenino,236,50,{},2005-07-28,1994-05-14,2009-04-13
512,161,daniel,juan@gmail.com,hash1,Fernando López,2,1996-08-09,Masculino,166,72,{},2004-01-24,1991-09-09,2006-05-15
513,133,juan,fernando@gmail.com,hash1,Fernando López,3,1990-09-18,Masculino,232,192,{},2016-06-21,1992-08-28,1990-06-12
514,1,daniel,juan@gmail.com,hash1,Fernando López,2,1998-10-04,Femenino,229,25,{},1993-10-31,1990-05-25,2010-09-10
515,184,fernando,daniel@gmail.com,hash2,Juan Pérez,1,2013-11-24,Masculino,155,86,{},2017-08-09,1995-03-16,1993-05-24
516,5,daniel,fernando@gmail.com,hash1,Juan Pérez,3,2008-12-27,Masculino,118,80,{},2013-09-01,2005-12-03,2019-04-10
517,145,juan,juan@gmail.com,hash3,Juan Pérez,1,2014-12-31,Femenino,229,175,{},2007-07-19,2013-06-11,2017-04-26
518,40,juan,fernando@gmail.com,hash2,Daniel García,2,1997-05-26,Masculino,18,51,{},2017-04-11,2014-11-17,2012-01-14
519,122,daniel,juan@gmail.com,hash2,Daniel García,3,2013-10-18,Masculino,48,21,{},2003-11-07,2009-08-02,2013-11-27
520,74,daniel,juan@gmail.com,hash2,Juan Pérez,3,2013-01-29,Masculino,69,132,{},2009-08-26,2019-03-29,2007-12-01
521,123,daniel,fernando@gmail.com,hash1,Fernando López,3,2019-10-16,Femenino,106,35,{},1990-08-09,2009-08-03,2005-10-24
522,96,fernando,fernando@gmail.com,hash3,Fernando López,3,1991-07-10,Masculino,118,29,{},2013-03-19,2007-09-15,2001-03-05
523,125,fernando,fernando@gmail.com,hash1,Daniel García,2,2010-01-03,Masculino,100,192,{},2004-05-05,1990-07-24,2010-10-09
524,182,juan,daniel@gmail.com,hash2,Juan Pérez,2,2000-01-25,Masculino,7,73,{},1998-12-24,2007-01-22,2010-04-22
525,31,daniel,daniel@gmail.com,hash1,Daniel García,1,1991-02-12,Femenino,172,105,{},2003-02-13,1995-11-25,2010-05-02
526,82,daniel,daniel@gmail.com,hash2,Juan Pérez,3,1996-03-04,Femenino,248,133,{},1990-03-22,1999-10-23,1990-08-18
527,124,juan,juan@gmail.com,hash2,Fernando López,3,2009-03-13,Masculino,30,162,{},2001-09-21,2004-07-09,1999-04-12
528,85,fernando,juan@gmail.com,hash2,Daniel García,3,1990-08-08,Masculino,204,49,{},2001-11-25,1994-09-01,2017-06-21
529,0,juan,daniel@gmail.com,hash3,Fernando López,1,2019-07-09,Masculino,174,127,{},2008-02-03,2018-05-05,2004-09-26
530,8,juan,juan@gmail.com,hash3,Juan Pérez,2,2005-08-15,Femenino,192,186,{},2018-04-07,2012-01-28,2000-12-17
531,47,daniel,juan@gmail.com,hash1,Fernando López,3,1998-01-12,Masculino,37,94,{},2013-04-03,1991-12-11,1999-08-10
532,142,fernando,daniel@gmail.com,hash2,Fernando López,1,2007-09-25,Masculino,77,22,{},2007-03-01,1995-08-30,2016-07-10
533,58,fernando,fernando@gmail.com,hash3,Juan Pérez,1,2011-10-23,Masculino,161,18,{},2009-10-21,1999-06-17,2004-01-26
534,82,fernando,juan@gmail.com,hash1,Juan Pérez,1,1995-10-19,Femenino,211,44,{},2012-05-25,2015-04-14,2000-09-19
535,88,daniel,juan@gmail.com,hash2,Daniel García,2,2009-03-17,Femenino,144,145,{},1990-11-07,2011-12-25,2012-09-20
536,8,fernando,fernando@gmail.com,hash2,Daniel García,2,2017-07-27,Femenino,14,147,{},1996-12-04,2006-03-04,1991-05-14
537,61,daniel,juan@gmail.com,hash1,Daniel García,2,2013-10-24,Masculino,165,183,{},2007-02-14,2019-09-07,1996-01-06
538,39,juan,daniel@gmail.com,hash2,Daniel García,2,2016-02-25,Femenino,223,134,{},2011-03-03,2017-03-20,2009-11-14
539,12,daniel,juan@gmail.com,hash2,Juan Pérez,3,1992-01-11,Femenino,189,41,{},2006-04-03,2009-01-26,1997-08-14
540,135,fernando,fernando@gmail.com,hash3,Fernando López,1,2001-11-11,Femenino,68,87,{},2001-11-25,2019-09-19,1996-02-01
541,68,daniel,daniel@gmail.com,hash3,Fernando López,2,1991-12-30,Masculino,68,199,{},2013-01-27,2010-02-10,2006-05-08
542,152,juan,daniel@gmail.com,hash3,Daniel García,3,2006-11-23,Masculino,157,189,{},2008-07-02,2001-09-05,2009-07-31
543,161,juan,juan@gmail.com,hash3,Daniel García,2,2012-06-10,Femenino,145,177,{},2013-03-14,1995-09-23,2004-09-23
544,160,fernando,juan@gmail.com,hash2,Juan Pérez,2,1996-12-21,Femenino,18,35,{},1990-07-27,1992-05-04,1991-02-02
545,72,juan,juan@gmail.com,hash2,Daniel García,2,1997-04-17,Femenino,121,18,{},2014-08-26,2007-03-29,2010-07-23
546,142,fernando,daniel@gmail.com,hash1,Daniel García,1,2019-12-02,Masculino,71,52,{},2010-09-06,1994-11-13,2015-05-17
547,144,juan,daniel@gmail.com,hash1,Daniel García,2,1992-10-16,Masculino,116,149,{},2017-05-24,2008-07-05,1995-09-28
548,180,fernando,juan@gmail.com,hash2,Daniel García,1,2000-03-08,Masculino,78,80,{},2019-04-05,2007-10-24,2016-03-17
549,52,daniel,fernando@gmail.com,hash1,Daniel García,2,2013-03-20,Masculino,110,11,{},1991-02-02,2017-09-05,2017-12-23
550,181,juan,juan@gmail.com,hash1,Juan Pérez,3,2012-12-10,Femenino,53,23,{},2018-01-28,2018-07-05,1990-06-14
551,167,juan,juan@gmail.com,hash2,Daniel García,2,2001-07-08,Femenino,184,76,{},2004-11-05,1991-03-13,1996-08-20
552,173,daniel,daniel@gmail.com,hash2,Juan Pérez,1,2008-07-12,Masculino,109,28,{},2001-06-11,2006-01-20,1997-01-20
553,193,fernando,fernando@gmail.com,hash3,Fernando López,2,2019-04-21,Femenino,215,116,{},2019-02-15,2019-10-15,2007-04-05
554,190,daniel,daniel@gmail.com,hash3,Daniel García,2,2006-05-15,Masculino,160,81,{},1991-10-25,1995-01-04,1996-07-02
555,132,juan,juan@gmail.com,hash3,Fernando López,3,1998-07-07,Femenino,17,100,{},2014-10-22,2016-01-14,2016-11-10
556,123,juan,fernando@gmail.com,hash2,Juan Pérez,1,1998-06-01,Femenino,240,84,{},1997-08-04,1996-01-04,2016-11-16
557,19,fernando,juan@gmail.com,hash1,Juan Pérez,3,1993-06-07,Femenino,13,84,{},2015-10-08,2010-06-03,2011-02-06
558,89,juan,daniel@gmail.com,hash2,Daniel García,2,1991-06-17,Masculino,74,51,{},1998-01-22,1999-04-14,2019-08-21
559,151,daniel,juan@gmail.com,hash1,Juan Pérez,2,1990-04-02,Masculino,154,126,{},2011-04-28,2013-03-11,2019-04-27
560,106,fernando,juan@gmail.com,hash2,Juan Pérez,3,2008-09-18,Femenino,218,187,{},2009-10-23,2017-04-21,2003-03-08
561,79,fernando,juan@gmail.com,hash2,Daniel García,2,1991-05-16,Femenino,7,168,{},2010-05-11,2009-06-17,1994-07-13
562,151,juan,juan@gmail.com,hash1,Daniel García,2,2012-03-28,Masculino,104,161,{},1995-06-06,2003-02-28,2000-02-03
563,188,fernando,fernando@gmail.com,hash1,Fernando López,2,1990-02-22,Femenino,73,187,{},1999-10-31,1993-07-01,1998-11-22
564,85,fernando,fernando@gmail.com,hash1,Fernando López,2,1992-09-30,Masculino,67,88,{},2003-05-13,1997-03-01,1994-08-03
565,73,juan,daniel@gmail.com,hash2,Juan Pérez,1,1998-12-14,Masculino,133,30,{},2015-06-02,2004-08-18,2008-08-14
566,25,fernando,juan@gmail.com,hash1,Fernando López,1,2016-11-26,Femenino,64,165,{},2008-12-04,2008-04-16,2014-07-02
567,126,daniel,fernando@gmail.com,hash1,Daniel García,3,2009-06-29,Femenino,69,51,{},2004-05-01,1998-03-28,2016-01-16
568,156,fernando,fernando@gmail.com,hash3,Juan Pérez,2,2004-01-08,Masculino,88,125,{},2003-11-02,2011-07-22,2016-01-13
569,148,juan,fernando@gmail.com,hash2,Fernando López,2,1994-03-06,Masculino,12,76,{},1997-09-21,2008-03-28,2019-11-10
570,18,juan,fernando@gmail.com,hash1,Fernando López,3,2019-12-09,Femenino,67,62,{},2013-08-04,1993-04-09,2005-08-31
571,47,fernando,daniel@gmail.com,hash1,Fernando López,3,1998-10-18,Femenino,171,200,{},1994-07-23,1996-08-03,2009-01-22
572,179,fernando,juan@gmail.com,hash3,Fernando López,1,1996-04-01,Femenino,200,133,{},1993-09-05,2002-05-10,2017-09-14
573,102,juan,daniel@gmail.com,hash2,Daniel García,1,1994-11-27,Masculino,64,136,{},2009-05-06,2018-07-02,2013-06-12
574,108,juan,daniel@gmail.com,hash2,Juan Pérez,1,1999-02-21,Masculino,110,100,{},1991-05-29,2019-10-22,1990-08-11
575,48,daniel,daniel@gmail.com,hash1,Juan Pérez,2,1991-12-17,Masculino,235,163,{},1992-01-16,1994-03-31,1996-02-05
576,160,juan,daniel@gmail.com,hash1,Juan Pérez,3,2008-03-01,Masculino,7,180,{},2015-07-29,1995-05-02,2013-07-14
577,9,juan,fernando@gmail.com,hash3,Daniel García,3,2007-01-18,Masculino,220,190,{},1992-11-17,2014-07-29,1996-12-22
578,162,juan,daniel@gmail.com,hash2,Juan Pérez,1,1997-11-12,Femenino,38,48,{},2004-09-11,2013-08-17,2003-02-08
579,122,daniel,juan@gmail.com,hash1,Fernando López,1,2016-12-10,Femenino,74,171,{},2006-01-29,1992-05-14,1992-06-02
580,107,fernando,daniel@gmail.com,hash3,Daniel García,2,2010-06-23,Femenino,58,67,{},2001-10-07,2004-01-15,2016-08-16
581,16,daniel,fernando@gmail.com,hash1,Juan Pérez,3,2014-02-07,Masculino,186,56,{},2002-03-07,2003-02-02,2001-02-24
582,109,daniel,juan@gmail.com,hash1,Daniel García,1,1997-12-26,Masculino,19,125,{},1997-01-14,2016-09-03,1999-10-04
583,183,juan,juan@gmail.com,hash1,Fernando López,2,2017-06-28,Masculino,0,188,{},2012-03-04,2019-12-05,2004-10-09
584,132,juan,daniel@gmail.com,hash1,Juan Pérez,2,1997-03-14,Masculino,127,10,{},1991-10-01,2010-11-13,2006-09-23
585,180,fernando,juan@gmail.com,hash3,Fernando López,2,1992-02-03,Masculino,42,51,{},2017-05-17,2017-06-30,1990-10-13
586,81,fernando,juan@gmail.com,hash1,Juan Pérez,3,2013-03-11,Masculino,178,4,{},1992-10-27,2001-12-11,2004-11-23
587,96,fernando,daniel@gmail.com,hash1,Daniel García,2,1997-05-31,Masculino,13,58,{},2019-05-05,2003-02-08,1999-01-22
588,58,juan,daniel@gmail.com,hash1,Fernando López,1,2018-06-28,Masculino,211,88,{},1995-05-06,2008-11-17,2002-04-26
589,61,juan,juan@gmail.com,hash1,Juan Pérez,3,2019-04-13,Masculino,149,174,{},2017-12-07,2002-01-23,2002-01-09
590,186,fernando,fernando@gmail.com,hash1,Fernando López,3,2002-11-09,Masculino,189,7,{},2011-07-06,1992-02-07,2003-01-13
591,178,juan,daniel@gmail.com,hash2,Daniel García,3,1999-05-16,Femenino,170,99,{},1994-09-15,2008-04-25,1992-04-24
592,9,juan,daniel@gmail.com,hash2,Juan Pérez,3,2009-01-14,Masculino,75,44,{},2001-12-16,2018-08-15,1997-02-01
593,127,daniel,fernando@gmail.com,hash1,Juan Pérez,2,2007-02-16,Masculino,243,22,{},2016-01-18,2002-12-27,2009-04-05
594,85,juan,juan@gmail.com,hash2,Fernando López,3,2002-08-26,Femenino,186,18,{},1997-05-19,2007-11-30,2009-12-03
595,34,fernando,daniel@gmail.com,hash2,Juan Pérez,3,2005-02-03,Masculino,153,22,{},1999-03-09,1992-10-15,2002-12-21
596,77,juan,fernando@gmail.com,hash3,Daniel García,2,1992-03-23,Femenino,64,46,{},1996-07-25,2016-01-19,1996-01-27
597,170,daniel,daniel@gmail.com,hash3,Juan Pérez,1,2014-12-18,Femenino,195,42,{},2003-06-18,1998-07-23,2001-10-07
598,144,juan,juan@gmail.com,hash1,Fernando López,2,1992-05-24,Femenino,38,163,{},2001-07-23,1995-08-12,2013-11-21
599,65,juan,daniel@gmail.com,hash3,Juan Pérez,3,2007-03-10,Femenino,192,170,{},1993-06-04,2010-07-20,1991-09-10
600,21,fernando,juan@gmail.com,hash2,Juan Pérez,1,1994-09-03,Femenino,77,93,{},1993-10-08,2010-10-24,1993-10-20
601,81,juan,daniel@gmail.com,hash1,Fernando López,3,2013-06-19,Femenino,6,153,{},1993-03-17,1998-12-08,1992-11-10
602,27,juan,fernando@gmail.com,hash3,Fernando López,3,2005-10-27,Masculino,168,41,{},2010-03-11,1991-07-30,1997-04-17
603,190,fernando,fernando@gmail.com,hash2,Fernando López,3,2012-01-23,Masculino,46,114,{},2008-07-03,1991-12-03,2005-04-30
604,146,fernando,juan@gmail.com,hash2,Fernando López,2,2018-06-17,Femenino,214,141,{},2001-05-26,1996-11-19,2001-05-23
605,118,daniel,daniel@gmail.com,hash3,Daniel García,1,2008-02-05,Femenino,122,144,{},1995-03-10,2017-10-14,2001-06-23
606,124,juan,fernando@gmail.com,hash2,Juan Pérez,1,2015-03-06,Femenino,167,177,{},1999-01-08,2006-07-12,2019-06-22
607,85,fernando,fernando@gmail.com,hash1,Daniel García,3,1998-01-17,Femenino,104,22,{},1997-12-23,2006-12-25,2001-05-16
608,57,juan,daniel@gmail.com,hash3,Juan Pérez,3,2002-04-13,Femenino,164,81,{},2007-12-14,2005-12-20,1994-03-19
609,152,daniel,daniel@gmail.com,hash2,Fernando López,3,2019-11-28,Masculino,213,124,{},2011-03-07,2009-06-13,2012-11-05
610,75,daniel,juan@gmail.com,hash3,Fernando López,3,2003-11-27,Masculino,187,114,{},2014-12-07,2002-12-18,1998-06-03
611,91,daniel,fernando@gmail.com,hash3,Juan Pérez,1,2007-04-26,Femenino,129,1,{},1995-02-06,2012-06-22,1994-10-23
612,197,daniel,daniel@gmail.com,hash1,Daniel García,3,2015-11-30,Femenino,216,193,{},2017-01-10,2012-08-30,1995-11-22
613,3,juan,juan@gmail.com,hash3,Juan Pérez,3,1994-07-06,Femenino,69,8,{},2017-01-23,1992-08-14,2006-07-30
614,52,juan,daniel@gmail.com,hash2,Daniel García,2,2006-05-13,Masculino,141,167,{},2009-02-05,1991-03-09,2014-07-21
615,188,fernando,fernando@gmail.com,hash3,Fernando López,1,1995-07-27,Femenino,139,127,{},2018-10-30,1992-01-03,2000-07-25
616,47,fernando,juan@gmail.com,hash3,Daniel García,1,1996-11-10,Masculino,237,53,{},1992-11-01,2002-01-15,2009-09-12
617,25,daniel,juan@gmail.com,hash1,Daniel García,1,2006-07-07,Femenino,15,9,{},1998-08-27,1996-03-03,2012-04-09
618,192,juan,fernando@gmail.com,hash2,Juan Pérez,3,2006-08-17,Masculino,239,161,{},2006-10-20,2000-07-12,1998-12-30
619,80,juan,fernando@gmail.com,hash2,Daniel García,3,2002-03-27,Masculino,227,125,{},1995-01-28,2019-12-21,2001-12-10
620,5,juan,daniel@gmail.com,hash1,Juan Pérez,2,2006-11-23,Masculino,10,47,{},2002-12-20,1999-07-29,2010-10-08
621,89,daniel,juan@gmail.com,hash1,Fernando López,2,2018-02-23,Masculino,12,18,{},1991-03-21,1991-02-03,2018-05-03
622,185,daniel,fernando@gmail.com,hash3,Daniel García,3,2015-01-20,Femenino,242,55,{},2003-04-20,2015-12-07,2002-04-12
623,184,fernando,juan@gmail.com,hash3,Fernando López,1,2003-10-18,Masculino,218,51,{},2007-05-13,1997-10-22,2018-09-14
624,111,juan,juan@gmail.com,hash3,Daniel García,3,2009-06-14,Masculino,215,142,{},2010-05-03,1996-06-30,2015-07-23
625,25,daniel,fernando@gmail.com,hash2,Daniel García,3,2014-03-10,Masculino,59,175,{},1993-09-23,2004-08-30,2000-09-19
626,134,daniel,daniel@gmail.com,hash1,Daniel García,2,1995-05-22,Masculino,243,124,{},1994-10-21,2015-07-28,2018-01-08
627,163,daniel,daniel@gmail.com,hash3,Juan Pérez,1,2016-09-09,Femenino,68,118,{},1993-04-30,2006-06-24,1999-08-21
628,48,daniel,daniel@gmail.com,hash3,Juan Pérez,3,2002-10-10,Femenino,50,174,{},1993-12-03,1990-01-03,2018-07-04
629,154,daniel,daniel@gmail.com,hash2,Juan Pérez,3,2001-08-02,Femenino,119,128,{},2004-11-09,1996-02-20,1996-08-11
630,68,juan,juan@gmail.com,hash2,Juan Pérez,3,2017-07-17,Femenino,106,139,{},1995-03-05,1997-12-14,2003-11-24
631,179,juan,daniel@gmail.com,hash2,Daniel García,1,1992-01-01,Femenino,182,16,{},2010-05-01,2002-03-11,1995-08-08
632,170,daniel,fernando@gmail.com,hash3,Daniel García,2,1990-02-23,Femenino,15,175,{},2008-03-25,2010-03-26,2012-10-02
633,90,daniel,fernando@gmail.com,hash2,Daniel García,3,1994-09-19,Femenino,240,126,{},2007-01-22,2002-04-08,1991-11-23
634,88,fernando,fernando@gmail.com,hash2,Daniel García,3,2007-02-09,Masculino,91,120,{},2001-01-07,2009-06-02,1999-10-12
635,84,fernando,fernando@gmail.com,hash3,Daniel García,3,1996-02-04,Femenino,184,5,{},2002-05-28,2016-10-02,2006-12-23
636,160,juan,daniel@gmail.com,hash1,Juan Pérez,3,2002-11-05,Masculino,16,163,{},2011-12-25,2007-11-05,2001-10-02
637,3,fernando,daniel@gmail.com,hash2,Daniel García,3,2005-02-16,Masculino,74,138,{},2018-04-15,2017-09-03,2004-06-01
638,56,fernando,daniel@gmail.com,hash2,Daniel García,2,1998-10-04,Masculino,19,70,{},1996-08-19,2011-12-25,2019-12-23
639,68,daniel,juan@gmail.com,hash3,Juan Pérez,1,1995-12-01,Masculino,46,95,{},2013-04-26,2005-08-06,2017-11-11
640,31,juan,fernando@gmail.com,hash1,Daniel García,1,2017-03-15,Femenino,128,21,{},1993-10-26,1997-06-10,1998-10-25
641,183,juan,juan@gmail.com,hash2,Juan Pérez,1,2007-01-07,Femenino,239,59,{},2016-06-03,1995-12-09,2019-09-04
642,133,juan,fernando@gmail.com,hash1,Juan Pérez,1,1993-12-28,Femenino,249,49,{},1992-06-07,2004-06-18,1997-12-16
643,0,daniel,daniel@gmail.com,hash3,Daniel García,3,1998-03-22,Masculino,51,129,{},2005-07-02,1995-12-21,1994-09-02
644,60,juan,juan@gmail.com,hash1,Daniel García,1,1990-10-08,Femenino,1,119,{},1999-03-03,2017-03-16,2001-03-20
645,152,juan,juan@gmail.com,hash2,Daniel García,3,1991-12-01,Femenino,47,41,{},2002-01-22,1995-08-21,2000-06-11
646,28,fernando,daniel@gmail.com,hash3,Daniel García,1,2014-04-01,Femenino,173,140,{},1995-12-28,2002-12-03,2004-08-25
647,131,daniel,fernando@gmail.com,hash2,Juan Pérez,1,2017-03-01,Femenino,129,187,{},2015-08-23,1990-02-11,2012-12-26
648,59,daniel,juan@gmail.com,hash1,Fernando López,2,2000-12-30,Femenino,232,141,{},2018-07-28,2005-08-18,2015-01-03
649,17,juan,daniel@gmail.com,hash2,Fernando López,3,2004-01-19,Femenino,225,48,{},2008-11-15,2012-05-09,2017-10-31
650,142,daniel,juan@gmail.com,hash2,Juan Pérez,3,2013-11-13,Femenino,114,12,{},1999-12-03,2000-08-21,2015-09-06
651,14,daniel,juan@gmail.com,hash2,Juan Pérez,1,1998-02-20,Femenino,241,94,{},2005-07-13,1990-03-03,2008-06-01
652,107,juan,daniel@gmail.com,hash3,Daniel García,2,2012-04-04,Femenino,154,121,{},2011-07-29,2005-12-20,1996-04-24
653,88,juan,fernando@gmail.com,hash2,Juan Pérez,3,2010-02-03,Femenino,39,22,{},1997-11-03,2014-04-09,2016-05-30
654,158,daniel,daniel@gmail.com,hash3,Daniel García,1,2012-04-18,Femenino,199,12,{},2003-02-09,2000-08-24,2013-09-14
655,138,fernando,fernando@gmail.com,hash3,Juan Pérez,3,2005-12-06,Masculino,230,3,{},2016-05-08,2017-10-26,2003-07-12
656,52,daniel,daniel@gmail.com,hash3,Fernando López,2,2005-07-07,Femenino,47,28,{},2001-09-02,2017-06-22,2000-12-27
657,24,daniel,daniel@gmail.com,hash1,Daniel García,1,1998-12-07,Masculino,244,29,{},2000-04-17,1993-11-24,1993-06-23
658,11,fernando,daniel@gmail.com,hash2,Fernando López,2,2003-07-20,Femenino,237,131,{},1996-12-31,2007-04-13,2017-04-25
659,74,juan,fernando@gmail.com,hash2,Juan Pérez,2,2019-04-08,Femenino,99,87,{},2012-06-24,2005-05-03,1993-12-03
660,85,fernando,juan@gmail.com,hash1,Juan Pérez,2,2019-09-18,Femenino,185,47,{},2016-08-07,1993-01-25,2005-10-27
661,192,daniel,fernando@gmail.com,hash3,Juan Pérez,3,1991-06-01,Masculino,46,160,{},2013-03-20,2001-07-08,2001-05-13
662,7,daniel,fernando@gmail.com,hash1,Fernando López,2,2017-08-04,Masculino,174,158,{},2009-09-17,2007-05-30,1996-10-22
663,39,juan,daniel@gmail.com,hash2,Fernando López,2,2014-05-24,Masculino,25,108,{},1994-02-09,1995-02-21,2006-11-28
664,178,daniel,juan@gmail.com,hash2,Fernando López,1,2019-03-15,Masculino,128,166,{},2011-04-13,2015-05-31,2003-02-28
665,23,fernando,juan@gmail.com,hash2,Fernando López,2,2009-11-01,Femenino,94,125,{},1995-04-08,2015-02-01,1992-01-10
666,54,juan,juan@gmail.com,hash1,Daniel García,1,1998-12-02,Masculino,192,110,{},2015-05-22,1994-06-17,2006-07-06
667,174,fernando,juan@gmail.com,hash3,Fernando López,1,1997-01-03,Femenino,48,16,{},2002-09-19,2016-09-14,2006-02-16
668,158,daniel,fernando@gmail.com,hash1,Fernando López,3,1994-12-27,Masculino,49,186,{},2017-07-19,2002-08-19,1991-06-23
669,158,juan,daniel@gmail.com,hash1,Daniel García,3,1997-11-19,Masculino,26,54,{},1992-08-18,2007-07-27,2016-03-23
670,7,fernando,daniel@gmail.com,hash3,Daniel García,2,1995-04-14,Masculino,190,33,{},2007-05-14,1998-10-04,2019-05-13
671,82,fernando,daniel@gmail.com,hash3,Juan Pérez,1,1995-04-22,Femenino,69,22,{},2015-01-22,2004-07-11,2009-05-29
672,167,fernando,fernando@gmail.com,hash2,Juan Pérez,2,2014-11-05,Femenino,161,11,{},2007-08-10,2013-08-04,2010-01-25
673,198,juan,fernando@gmail.com,hash3,Juan Pérez,2,2009-01-20,Femenino,125,72,{},1996-03-16,2007-08-21,1994-05-28
674,92,daniel,fernando@gmail.com,hash2,Fernando López,1,2017-03-14,Masculino,82,36,{},2009-11-10,2012-05-16,2001-11-07
675,119,juan,daniel@gmail.com,hash2,Fernando López,3,2009-07-31,Femenino,229,112,{},2004-11-10,2004-05-20,2012-08-10
676,41,daniel,daniel@gmail.com,hash1,Daniel García,1,2013-06-01,Masculino,190,75,{},1990-05-28,1995-06-11,2018-11-02
677,29,juan,fernando@gmail.com,hash2,Juan Pérez,3,2019-05-29,Femenino,180,54,{},2000-05-13,1991-07-15,1991-11-07
678,57,daniel,daniel@gmail.com,hash3,Fernando López,2,2016-07-29,Femenino,176,132,{},2007-02-22,2000-09-18,2014-12-15
679,47,fernando,daniel@gmail.com,hash2,Daniel García,3,2003-01-07,Masculino,105,124,{},2012-07-31,1994-10-24,1997-02-20
680,37,daniel,juan@gmail.com,hash3,Juan Pérez,2,1990-11-02,Femenino,175,40,{},2018-01-19,2018-05-12,1999-10-30
681,60,daniel,fernando@gmail.com,hash1,Juan Pérez,3,2006-12-16,Femenino,221,17,{},2012-06-17,1992-10-15,2007-09-21
682,174,juan,daniel@gmail.com,hash2,Daniel García,2,1998-12-13,Masculino,147,23,{},1992-01-02,1992-09-18,2009-03-16
683,117,daniel,fernando@gmail.com,hash1,Juan Pérez,1,2011-07-30,Femenino,128,182,{},2008-05-08,1990-11-28,2015-11-06
684,61,juan,fernando@gmail.com,hash2,Juan Pérez,3,2018-05-10,Masculino,116,53,{},1994-03-24,2002-06-07,2001-03-17
685,168,daniel,juan@gmail.com,hash1,Fernando López,2,2014-03-02,Masculino,209,123,{},2007-09-30,2019-04-02,2002-03-11
686,59,fernando,daniel@gmail.com,hash2,Daniel García,2,1997-07-08,Femenino,147,169,{},1999-10-07,1997-09-20,1995-01-22
687,57,juan,daniel@gmail.com,hash3,Fernando López,3,2016-01-11,Masculino,102,165,{},1991-12-13,1992-05-17,2009-11-04
688,31,juan,daniel@gmail.com,hash1,Fernando López,1,2019-07-14,Femenino,80,103,{},2000-07-29,2016-03-04,2001-04-12
689,12,juan,fernando@gmail.com,hash2,Daniel García,3,2010-03-30,Masculino,196,175,{},2004-04-28,2015-09-03,2014-05-13
690,129,fernando,daniel@gmail.com,hash3,Daniel García,1,1996-01-31,Masculino,45,129,{},2017-01-29,2016-11-09,2005-02-01
691,36,daniel,daniel@gmail.com,hash1,Fernando López,2,2018-10-28,Femenino,206,40,{},1994-12-04,1996-11-14,2018-07-03
692,87,daniel,daniel@gmail.com,hash3,Daniel García,2,1996-11-16,Femenino,134,4,{},1998-08-08,1995-08-02,1995-03-21
693,113,fernando,daniel@gmail.com,hash3,Daniel García,3,2017-03-16,Masculino,203,119,{},2015-05-18,1998-01-20,2005-09-07
694,72,daniel,daniel@gmail.com,hash3,Daniel García,1,2006-07-26,Femenino,238,130,{},2010-04-13,2016-11-22,1996-07-29
695,126,fernando,daniel@gmail.com,hash2,Juan Pérez,1,2011-10-24,Masculino,130,77,{},2014-04-05,1990-06-16,2013-09-30
696,18,fernando,juan@gmail.com,hash1,Daniel García,3,2011-01-05,Femenino,87,97,{},2011-04-28,2000-08-18,2008-02-24
697,70,daniel,juan@gmail.com,hash3,Daniel García,2,2019-08-06,Masculino,89,163,{},2009-12-02,2007-06-03,2014-08-13
698,90,juan,juan@gmail.com,hash2,Fernando López,3,2002-11-25,Masculino,204,46,{},1997-08-12,2013-12-02,2011-03-23
699,189,juan,juan@gmail.com,hash2,Fernando López,3,1992-02-13,Femenino,151,176,{},2002-12-21,1990-03-07,2016-07-06
700,168,daniel,fernando@gmail.com,hash3,Fernando López,1,1991-10-16,Masculino,50,137,{},2011-08-14,2013-06-08,2009-04-08
701,141,fernando,fernando@gmail.com,hash1,Fernando López,1,1991-03-07,Masculino,245,49,{},1995-09-26,1995-06-04,2008-05-05
702,91,daniel,daniel@gmail.com,hash1,Juan Pérez,3,1997-08-11,Femenino,82,84,{},1998-07-02,1997-11-26,2004-07-04
703,81,fernando,juan@gmail.com,hash1,Daniel García,2,2017-12-14,Femenino,241,31,{},2019-10-11,2000-01-10,2000-04-30
704,69,fernando,fernando@gmail.com,hash2,Juan Pérez,1,2000-04-26,Femenino,145,62,{},2001-01-22,2010-11-10,2007-06-04
705,24,daniel,daniel@gmail.com,hash2,Daniel García,1,2011-05-19,Femenino,87,103,{},2016-05-05,2007-05-15,1992-02-03
706,41,juan,juan@gmail.com,hash3,Juan Pérez,3,1993-05-07,Femenino,110,90,{},2012-10-15,1995-02-21,2013-02-27
707,10,fernando,daniel@gmail.com,hash2,Fernando López,2,2004-11-08,Femenino,11,83,{},2002-08-25,1991-09-15,2011-02-08
708,159,daniel,fernando@gmail.com,hash2,Daniel García,3,1996-09-10,Femenino,117,139,{},2003-11-02,2018-01-21,1995-02-01
709,46,juan,fernando@gmail.com,hash2,Juan Pérez,3,1997-11-20,Femenino,118,168,{},1994-09-01,2003-09-24,2003-08-11
710,166,daniel,daniel@gmail.com,hash2,Juan Pérez,1,2007-05-26,Femenino,248,193,{},1996-03-03,1996-11-26,1998-09-13
711,197,juan,juan@gmail.com,hash2,Juan Pérez,3,2012-07-01,Masculino,68,27,{},2013-10-15,1999-04-30,2008-12-23
712,104,juan,juan@gmail.com,hash2,Fernando López,2,1992-12-20,Masculino,228,189,{},2015-11-22,1998-01-18,2013-09-25
713,107,daniel,fernando@gmail.com,hash3,Daniel García,2,2018-01-31,Masculino,237,11,{},1991-12-13,2017-03-02,2016-10-11
714,156,daniel,juan@gmail.com,hash3,Daniel García,2,1995-12-20,Masculino,162,14,{},2011-12-20,1996-04-07,2003-05-30
715,109,fernando,juan@gmail.com,hash2,Fernando López,3,1995-11-01,Masculino,140,171,{},2017-12-27,2018-07-15,1998-02-25
716,80,daniel,juan@gmail.com,hash1,Juan Pérez,3,1996-12-20,Masculino,41,95,{},1998-12-02,1991-06-12,1998-03-09
717,159,daniel,daniel@gmail.com,hash1,Fernando López,3,2009-04-09,Femenino,139,171,{},1995-01-05,2019-01-27,2011-02-17
718,81,daniel,juan@gmail.com,hash2,Daniel García,3,2009-02-09,Femenino,153,76,{},1991-09-22,2003-09-23,1999-01-28
719,52,fernando,juan@gmail.com,hash3,Juan Pérez,2,2005-07-28,Masculino,185,159,{},2019-01-30,1990-02-28,1993-10-19
720,48,daniel,juan@gmail.com,hash2,Daniel García,1,2015-04-27,Femenino,202,36,{},2010-11-15,1990-07-22,2012-09-19
721,135,daniel,fernando@gmail.com,hash2,Juan Pérez,1,2001-06-08,Femenino,29,38,{},1994-11-10,1992-06-28,2015-01-31
722,127,daniel,juan@gmail.com,hash3,Juan Pérez,1,2005-01-17,Femenino,104,119,{},2016-12-10,2017-05-28,2005-02-02
723,20,juan,juan@gmail.com,hash1,Fernando López,3,1998-09-27,Masculino,110,115,{},2018-05-13,1999-04-23,2005-03-27
724,54,daniel,juan@gmail.com,hash1,Fernando López,2,2006-09-29,Masculino,76,141,{},2018-01-15,2018-10-17,2015-04-02
725,24,fernando,juan@gmail.com,hash2,Juan Pérez,3,2013-05-01,Femenino,56,143,{},2013-03-06,2006-02-28,2012-06-10
726,26,daniel,juan@gmail.com,hash2,Juan Pérez,1,2007-08-22,Masculino,13,160,{},2016-12-13,2000-12-22,2004-07-02
727,168,fernando,fernando@gmail.com,hash3,Fernando López,1,2017-09-05,Femenino,3,49,{},2017-11-03,2000-03-20,1994-06-04
728,82,fernando,fernando@gmail.com,hash1,Daniel García,2,2009-09-27,Femenino,86,144,{},2018-03-10,2004-02-08,2009-07-26
729,123,juan,juan@gmail.com,hash3,Fernando López,2,2002-02-01,Femenino,247,25,{},1996-03-27,2003-08-22,1993-10-25
730,176,fernando,juan@gmail.com,hash3,Daniel García,3,2008-04-30,Masculino,25,151,{},1994-11-10,1999-01-02,2017-08-08
731,50,fernando,fernando@gmail.com,hash2,Fernando López,2,1996-10-23,Femenino,243,102,{},1997-01-05,2012-08-13,2018-08-28
732,55,fernando,daniel@gmail.com,hash2,Fernando López,1,2009-01-23,Femenino,54,88,{},2011-12-04,2019-05-22,2002-04-06
733,122,daniel,fernando@gmail.com,hash3,Juan Pérez,3,2005-09-23,Masculino,68,108,{},1991-03-05,1990-01-09,1993-07-15
734,103,juan,daniel@gmail.com,hash1,Juan Pérez,3,1998-11-14,Masculino,194,147,{},2012-05-08,1995-09-30,1995-08-07
735,133,fernando,juan@gmail.com,hash1,Daniel García,3,1994-11-22,Femenino,154,22,{},2005-01-31,2004-07-23,1991-09-02
736,171,daniel,juan@gmail.com,hash3,Daniel García,2,1993-12-30,Femenino,249,80,{},2008-10-31,2002-02-16,2008-05-25
737,45,fernando,fernando@gmail.com,hash1,Fernando López,3,2012-12-03,Masculino,131,166,{},2018-08-30,1990-08-29,2016-06-03
738,162,daniel,juan@gmail.com,hash2,Fernando López,2,2011-03-11,Femenino,138,6,{},2015-10-27,1995-04-01,1999-05-05
739,133,juan,daniel@gmail.com,hash3,Juan Pérez,3,2016-09-26,Masculino,210,85,{},2009-01-18,2017-09-14,2010-10-08
740,87,daniel,juan@gmail.com,hash3,Juan Pérez,3,2016-05-12,Femenino,17,166,{},2016-08-23,2015-01-24,2010-01-19
741,150,fernando,fernando@gmail.com,hash1,Daniel García,3,1997-04-21,Masculino,37,169,{},1995-04-23,2004-08-12,2005-07-09
742,96,daniel,daniel@gmail.com,hash3,Fernando López,3,1991-12-03,Femenino,226,111,{},2007-10-27,1992-08-25,1997-08-28
743,143,daniel,juan@gmail.com,hash2,Daniel García,2,2018-09-28,Masculino,15,13,{},2000-12-16,2005-05-02,1997-12-12
744,74,daniel,fernando@gmail.com,hash1,Fernando López,1,2003-12-25,Femenino,224,109,{},1991-08-02,2007-07-30,1994-08-10
745,7,fernando,fernando@gmail.com,hash3,Juan Pérez,1,2012-11-04,Femenino,77,35,{},2006-12-02,2015-09-27,2018-06-07
746,92,fernando,juan@gmail.com,hash2,Juan Pérez,2,2012-06-05,Femenino,40,106,{},2015-10-28,1996-12-17,2013-08-31
747,106,fernando,daniel@gmail.com,hash2,Juan Pérez,1,1997-12-25,Masculino,159,2,{},2012-12-09,1994-04-26,1999-07-26
748,173,daniel,daniel@gmail.com,hash2,Daniel García,3,2007-10-27,Masculino,138,101,{},1995-03-06,2014-03-18,1995-03-28
749,24,daniel,daniel@gmail.com,hash3,Juan Pérez,2,2015-02-21,Femenino,36,102,{},2007-05-20,1990-04-02,2011-07-30
750,122,fernando,daniel@gmail.com,hash1,Juan Pérez,3,2011-04-14,Femenino,166,85,{},2002-01-23,2004-07-17,2000-08-01
751,148,fernando,daniel@gmail.com,hash1,Daniel García,2,1998-12-01,Femenino,208,81,{},1994-07-22,1998-11-16,1990-03-10
752,168,daniel,daniel@gmail.com,hash1,Juan Pérez,1,2016-01-12,Masculino,7,11,{},2010-11-29,2016-02-06,1991-01-20
753,91,fernando,fernando@gmail.com,hash2,Juan Pérez,2,2011-06-16,Femenino,6,33,{},2004-01-14,2005-09-13,2002-01-15
754,11,fernando,juan@gmail.com,hash3,Juan Pérez,3,1997-11-20,Masculino,157,174,{},2004-05-02,2008-10-31,2008-06-16
755,47,daniel,fernando@gmail.com,hash3,Juan Pérez,3,2012-10-30,Masculino,29,62,{},2008-03-24,2017-02-10,2004-03-16
756,126,fernando,daniel@gmail.com,hash2,Daniel García,2,1998-12-04,Masculino,20,60,{},2013-12-01,2012-09-03,2012-07-08
757,76,daniel,daniel@gmail.com,hash1,Fernando López,2,1992-09-01,Masculino,192,133,{},1998-07-20,2014-01-22,2001-11-21
758,177,fernando,daniel@gmail.com,hash2,Juan Pérez,2,1997-01-13,Masculino,32,51,{},2007-07-04,1990-11-05,1993-11-13
759,28,fernando,daniel@gmail.com,hash3,Daniel García,2,2006-02-11,Femenino,1,50,{},2013-02-03,1997-06-01,2003-07-22
760,120,juan,juan@gmail.com,hash1,Daniel García,1,1993-06-13,Femenino,81,81,{},2013-02-13,2003-03-19,1990-04-12
761,105,juan,juan@gmail.com,hash2,Daniel García,3,1998-09-05,Femenino,128,61,{},2000-04-30,2007-06-08,1996-07-03
762,88,daniel,daniel@gmail.com,hash1,Daniel García,2,2015-01-26,Masculino,159,191,{},2018-04-05,1995-05-27,1993-03-17
763,108,fernando,daniel@gmail.com,hash2,Fernando López,2,2009-03-24,Femenino,149,38,{},2012-12-07,2014-02-15,1997-05-02
764,12,daniel,daniel@gmail.com,hash3,Juan Pérez,3,2018-02-02,Masculino,68,37,{},2004-10-15,2014-01-18,2018-11-15
765,39,daniel,juan@gmail.com,hash1,Fernando López,2,2018-04-28,Masculino,216,100,{},2008-01-27,1992-10-28,2001-01-09
766,182,daniel,juan@gmail.com,hash1,Juan Pérez,3,2010-01-27,Masculino,88,199,{},2006-05-16,1993-04-13,2012-10-10
767,115,fernando,juan@gmail.com,hash1,Fernando López,1,1990-12-06,Masculino,117,180,{},2000-08-24,2019-02-14,2018-07-28
768,10,juan,juan@gmail.com,hash3,Fernando López,1,2000-10-03,Masculino,216,37,{},2011-11-26,2013-12-22,1991-08-22
769,176,juan,daniel@gmail.com,hash1,Daniel García,1,2018-03-27,Femenino,41,6,{},2006-01-07,1992-10-30,1996-11-21
770,101,fernando,juan@gmail.com,hash3,Juan Pérez,3,2017-05-10,Masculino,37,187,{},1996-03-22,2011-03-19,2010-03-17
771,134,juan,juan@gmail.com,hash2,Daniel García,2,2002-03-10,Masculino,234,147,{},2000-02-02,2002-02-01,2018-05-08
772,183,fernando,fernando@gmail.com,hash1,Daniel García,2,1994-10-13,Femenino,180,46,{},1999-12-04,2012-05-31,2001-10-10
773,179,daniel,juan@gmail.com,hash2,Juan Pérez,2,1996-10-04,Masculino,150,35,{},2003-08-31,1995-03-26,2002-05-16
774,192,juan,daniel@gmail.com,hash1,Daniel García,2,2003-10-07,Femenino,220,127,{},2015-12-11,1997-03-30,1997-07-16
775,190,fernando,fernando@gmail.com,hash1,Fernando López,1,2008-09-27,Femenino,183,62,{},2015-03-03,2002-10-10,2009-05-02
776,182,daniel,juan@gmail.com,hash1,Fernando López,2,2018-07-07,Femenino,37,57,{},1993-01-19,2005-01-27,2009-11-29
777,11,fernando,fernando@gmail.com,hash3,Fernando López,3,2015-08-23,Masculino,85,4,{},2012-12-10,2018-09-13,2003-01-17
778,26,juan,daniel@gmail.com,hash3,Fernando López,2,2012-06-19,Femenino,171,77,{},1995-07-05,2009-10-03,1990-01-08
779,84,fernando,juan@gmail.com,hash3,Fernando López,1,2013-08-16,Masculino,150,79,{},2018-06-26,2017-01-04,1991-10-29
780,115,daniel,daniel@gmail.com,hash2,Juan Pérez,3,2017-09-09,Femenino,221,101,{},2003-05-05,1998-05-19,2005-03-12
781,30,daniel,daniel@gmail.com,hash3,Daniel García,2,2009-01-01,Femenino,107,0,{},2001-11-14,1998-07-29,2003-01-18
782,25,fernando,daniel@gmail.com,hash3,Fernando López,2,1991-03-13,Femenino,95,90,{},1996-04-29,2018-05-13,1994-09-14
783,184,juan,fernando@gmail.com,hash2,Juan Pérez,1,1992-05-09,Femenino,225,93,{},2002-01-30,1996-01-03,2005-12-21
784,115,juan,daniel@gmail.com,hash1,Fernando López,3,1990-10-10,Masculino,157,158,{},2010-12-11,2005-07-13,2011-02-02
785,87,juan,daniel@gmail.com,hash3,Juan Pérez,3,2011-04-20,Masculino,237,85,{},2018-04-01,1997-07-31,2018-05-11
786,46,fernando,daniel@gmail.com,hash2,Fernando López,3,2019-08-03,Femenino,92,34,{},1990-03-24,2007-04-08,2014-06-02
787,13,fernando,daniel@gmail.com,hash3,Fernando López,1,2011-02-26,Femenino,99,133,{},2010-11-30,1994-05-17,2007-11-24
788,32,fernando,juan@gmail.com,hash2,Fernando López,1,1999-03-11,Masculino,28,187,{},2003-09-18,1991-04-30,1990-09-27
789,78,juan,fernando@gmail.com,hash3,Daniel García,2,2010-10-20,Femenino,146,119,{},2008-09-14,1992-10-09,2015-05-27
790,164,juan,fernando@gmail.com,hash3,Juan Pérez,1,2008-12-12,Masculino,134,162,{},2005-05-31,1991-01-07,2005-11-16
791,40,juan,fernando@gmail.com,hash2,Daniel García,1,1991-09-23,Femenino,214,178,{},1991-04-17,1993-03-12,1990-03-23
792,144,daniel,juan@gmail.com,hash1,Fernando López,3,2015-01-10,Masculino,139,59,{},2019-09-26,2008-05-22,1991-10-03
793,154,fernando,fernando@gmail.com,hash1,Juan Pérez,1,2009-07-18,Femenino,97,24,{},2005-02-09,1990-07-25,2010-08-20
794,47,fernando,juan@gmail.com,hash1,Fernando López,3,2008-11-12,Femenino,50,84,{},2006-11-02,2010-11-17,2018-04-11
795,63,daniel,fernando@gmail.com,hash3,Juan Pérez,3,2005-07-08,Masculino,199,185,{},2010-09-19,2006-03-02,2017-08-11
796,199,fernando,daniel@gmail.com,hash2,Daniel García,2,1992-01-24,Femenino,78,14,{},2011-05-12,1992-02-12,1991-10-22
797,59,juan,daniel@gmail.com,hash2,Daniel García,3,1995-09-29,Femenino,115,161,{},2010-05-28,2001-02-24,2011-02-16
798,63,daniel,juan@gmail.com,hash1,Juan Pérez,3,2005-08-15,Masculino,153,36,{},2012-02-28,1996-11-28,2019-06-03
799,108,juan,daniel@gmail.com,hash3,Juan Pérez,3,2016-06-25,Masculino,134,41,{},1999-08-20,1994-06-22,1994-02-22
800,164,juan,daniel@gmail.com,hash1,Fernando López,2,2017-12-04,Masculino,249,132,{},2014-12-01,2007-03-24,2018-04-07
801,22,juan,fernando@gmail.com,hash1,Daniel García,1,2018-05-01,Femenino,147,113,{},2001-11-06,1997-09-14,2017-12-27
802,30,daniel,daniel@gmail.com,hash2,Juan Pérez,2,1998-10-27,Masculino,158,125,{},2007-03-30,2013-06-29,1994-02-10
803,4,daniel,fernando@gmail.com,hash2,Juan Pérez,3,2017-02-28,Femenino,243,112,{},2003-08-16,2000-09-19,1990-01-05
804,35,daniel,juan@gmail.com,hash2,Fernando López,1,2011-07-22,Femenino,70,54,{},2011-09-08,2004-04-03,2014-06-20
805,30,fernando,juan@gmail.com,hash2,Daniel García,3,2011-11-15,Femenino,123,111,{},1995-03-18,1998-09-21,2019-05-01
806,133,daniel,fernando@gmail.com,hash3,Fernando López,2,1994-04-08,Femenino,14,95,{},2006-08-08,2003-10-27,1999-01-08
807,186,juan,daniel@gmail.com,hash2,Fernando López,2,1992-07-17,Masculino,76,162,{},1999-06-10,1999-10-11,1993-10-31
808,152,fernando,daniel@gmail.com,hash3,Daniel García,2,2019-03-05,Masculino,154,130,{},2007-08-05,2002-01-21,2017-12-25
809,172,juan,fernando@gmail.com,hash3,Fernando López,1,2012-09-08,Femenino,37,196,{},1990-02-21,2005-03-14,1994-12-20
810,80,fernando,fernando@gmail.com,hash1,Fernando López,2,1993-03-29,Masculino,54,132,{},2016-04-24,1999-04-30,1991-06-20
811,155,fernando,daniel@gmail.com,hash3,Juan Pérez,3,2003-11-04,Femenino,9,56,{},1999-09-21,2000-03-16,1996-01-29
812,82,juan,daniel@gmail.com,hash1,Fernando López,2,1994-06-04,Femenino,154,113,{},2010-06-25,2014-11-21,2019-02-12
813,143,daniel,juan@gmail.com,hash1,Fernando López,2,1990-09-24,Femenino,20,182,{},1993-01-23,2001-09-20,1990-01-26
814,96,daniel,fernando@gmail.com,hash2,Fernando López,3,2004-03-22,Femenino,41,43,{},2003-09-14,2019-08-21,2019-08-15
815,92,daniel,juan@gmail.com,hash1,Daniel García,1,2000-10-08,Masculino,110,183,{},2002-04-23,2016-12-24,2005-01-09
816,100,daniel,daniel@gmail.com,hash2,Daniel García,1,2004-10-14,Masculino,97,98,{},2014-04-09,1997-01-01,2012-07-21
817,159,daniel,fernando@gmail.com,hash2,Daniel García,2,2002-05-07,Femenino,39,25,{},1998-10-21,1996-06-14,2007-05-01
818,45,daniel,fernando@gmail.com,hash1,Fernando López,3,1996-07-13,Femenino,62,114,{},2008-08-16,1998-09-22,2001-09-09
819,23,juan,fernando@gmail.com,hash3,Daniel García,3,2017-07-22,Masculino,180,112,{},2015-05-10,2000-02-25,1997-07-01
820,31,juan,fernando@gmail.com,hash1,Juan Pérez,1,1990-06-24,Femenino,192,98,{},2006-09-09,1997-11-23,2006-02-02
821,158,daniel,juan@gmail.com,hash1,Fernando López,1,2011-11-07,Femenino,218,195,{},1998-04-29,1995-05-12,2002-10-10
822,89,daniel,fernando@gmail.com,hash2,Fernando López,3,2019-11-04,Masculino,164,104,{},2002-11-11,2006-04-22,1997-10-19
823,152,fernando,fernando@gmail.com,hash1,Daniel García,3,2019-08-12,Masculino,12,174,{},1997-01-05,2014-10-04,2001-05-10
824,72,juan,fernando@gmail.com,hash1,Juan Pérez,1,1994-02-26,Masculino,50,52,{},2015-07-07,1991-04-03,2014-03-04
825,53,daniel,fernando@gmail.com,hash3,Juan Pérez,3,2014-08-09,Masculino,100,85,{},2005-06-26,1997-03-20,1996-10-15
826,195,daniel,juan@gmail.com,hash3,Daniel García,1,2012-09-01,Masculino,65,7,{},1994-10-08,1990-12-02,1999-05-10
827,52,daniel,juan@gmail.com,hash3,Daniel García,1,1994-10-20,Femenino,106,183,{},1995-11-24,2007-06-29,2003-12-06
828,23,daniel,juan@gmail.com,hash1,Fernando López,3,2005-08-16,Masculino,128,187,{},2001-03-09,2019-11-30,2015-02-19
829,196,daniel,juan@gmail.com,hash2,Daniel García,2,1995-10-12,Masculino,32,160,{},2016-11-28,1997-11-13,1998-12-08
830,176,fernando,fernando@gmail.com,hash3,Juan Pérez,2,2010-02-06,Masculino,230,84,{},1997-01-15,2001-04-07,1992-12-01
831,54,juan,daniel@gmail.com,hash1,Daniel García,2,2002-03-26,Femenino,16,14,{},2011-01-13,1994-11-10,2004-06-10
832,80,juan,daniel@gmail.com,hash3,Fernando López,2,2005-08-27,Femenino,103,80,{},1995-08-20,2014-11-23,1993-07-26
833,132,fernando,daniel@gmail.com,hash1,Juan Pérez,2,2000-07-28,Femenino,68,22,{},1994-02-14,2013-10-09,2015-11-17
834,2,daniel,daniel@gmail.com,hash2,Daniel García,1,2003-05-06,Masculino,13,33,{},2010-06-23,2011-08-25,2012-02-18
835,152,daniel,juan@gmail.com,hash3,Daniel García,1,2012-02-18,Masculino,201,8,{},2002-04-17,2003-06-28,1993-07-14
836,21,daniel,fernando@gmail.com,hash1,Juan Pérez,3,1991-05-03,Femenino,189,67,{},1995-02-11,2018-02-14,2014-08-31
837,12,fernando,fernando@gmail.com,hash3,Fernando López,1,1991-04-04,Masculino,181,118,{},2014-04-28,2018-05-23,1997-12-18
838,31,daniel,fernando@gmail.com,hash1,Juan Pérez,2,2003-11-05,Femenino,240,70,{},2010-07-18,2004-08-08,1995-01-16
839,139,juan,fernando@gmail.com,hash2,Juan Pérez,2,1997-03-23,Femenino,248,113,{},2003-11-19,2010-04-17,1999-04-17
840,6,juan,fernando@gmail.com,hash3,Fernando López,3,1997-01-04,Femenino,189,74,{},2005-06-10,1993-09-22,2002-02-24
841,170,fernando,fernando@gmail.com,hash1,Fernando López,2,2014-05-07,Femenino,194,41,{},2001-12-06,1996-07-04,2019-06-05
842,36,fernando,fernando@gmail.com,hash2,Juan Pérez,2,1993-03-02,Masculino,105,29,{},2005-01-07,2009-07-23,2006-05-04
843,181,juan,daniel@gmail.com,hash3,Fernando López,3,2015-06-13,Masculino,221,118,{},2010-01-31,1993-04-20,2009-12-31
844,114,daniel,fernando@gmail.com,hash1,Daniel García,2,2006-08-23,Femenino,13,121,{},2008-12-20,1992-08-31,2001-06-18
845,137,daniel,juan@gmail.com,hash1,Fernando López,2,1992-12-11,Femenino,82,30,{},1994-07-30,1991-08-12,2012-05-29
846,10,daniel,daniel@gmail.com,hash1,Fernando López,3,2019-07-07,Femenino,41,111,{},1995-01-21,2000-03-22,2008-07-26
847,32,fernando,daniel@gmail.com,hash3,Fernando López,1,1993-09-22,Masculino,100,198,{},2016-03-28,2013-07-20,1997-03-03
848,198,juan,daniel@gmail.com,hash3,Fernando López,2,2005-09-26,Masculino,195,58,{},2018-09-16,1999-08-05,1992-12-04
849,10,juan,daniel@gmail.com,hash3,Juan Pérez,3,1997-10-29,Femenino,136,34,{},2017-08-24,2017-07-21,2001-03-30
850,21,fernando,fernando@gmail.com,hash3,Fernando López,1,2003-11-11,Femenino,17,18,{},1995-12-21,1992-03-19,1996-03-07
851,73,juan,fernando@gmail.com,hash3,Daniel García,3,1998-09-06,Masculino,89,53,{},2013-03-30,2005-03-05,1999-05-12
852,41,juan,daniel@gmail.com,hash2,Daniel García,2,2013-12-09,Masculino,94,107,{},1997-11-17,1992-07-06,1995-03-25
853,108,fernando,juan@gmail.com,hash3,Daniel García,3,2000-10-03,Masculino,67,161,{},2010-02-15,2012-03-08,2012-05-05
854,190,fernando,daniel@gmail.com,hash2,Daniel García,3,1996-10-17,Masculino,136,131,{},1997-10-16,2016-06-08,1999-04-05
855,47,fernando,juan@gmail.com,hash3,Daniel García,3,2004-12-31,Masculino,192,27,{},1993-05-26,2003-09-02,2009-09-30
856,86,daniel,daniel@gmail.com,hash3,Fernando López,2,1992-03-18,Masculino,160,197,{},2011-02-06,1993-08-20,1998-10-18
857,187,juan,fernando@gmail.com,hash2,Fernando López,1,1999-07-18,Masculino,231,40,{},1992-04-24,2003-09-19,1993-01-16
858,29,juan,fernando@gmail.com,hash3,Daniel García,3,1999-11-11,Femenino,93,153,{},2003-12-15,2008-07-26,2016-07-14
859,13,juan,juan@gmail.com,hash3,Juan Pérez,2,2002-06-09,Femenino,163,98,{},2010-07-08,2004-01-18,2008-01-19
860,18,fernando,fernando@gmail.com,hash2,Fernando López,1,2013-02-27,Masculino,48,175,{},2006-03-10,2000-04-29,1996-06-05
861,173,juan,fernando@gmail.com,hash2,Juan Pérez,3,1994-10-07,Femenino,79,162,{},2006-09-23,2012-10-21,2008-12-21
862,92,daniel,daniel@gmail.com,hash3,Daniel García,1,2014-12-17,Femenino,144,58,{},1996-02-16,2011-12-09,2012-10-24
863,9,fernando,fernando@gmail.com,hash2,Juan Pérez,1,1991-06-13,Femenino,216,80,{},2013-04-21,2006-11-27,1999-05-18
864,180,juan,juan@gmail.com,hash2,Daniel García,2,2006-08-11,Femenino,138,152,{},2002-05-29,1999-11-06,1991-08-03
865,10,juan,juan@gmail.com,hash2,Daniel García,2,2016-04-10,Femenino,87,109,{},1994-04-03,2001-09-25,2002-08-13
866,53,fernando,juan@gmail.com,hash1,Juan Pérez,1,1991-11-08,Femenino,167,94,{},2013-10-19,2012-02-24,2018-04-13
867,180,daniel,juan@gmail.com,hash3,Daniel García,1,2017-03-02,Masculino,231,61,{},2001-07-08,2019-11-15,2015-03-19
868,43,fernando,juan@gmail.com,hash3,Fernando López,1,2019-03-20,Femenino,202,73,{},1996-04-13,2019-09-28,2012-03-28
869,193,juan,daniel@gmail.com,hash3,Daniel García,1,2012-02-02,Masculino,89,15,{},2012-12-26,1998-07-11,2017-08-01
870,165,juan,daniel@gmail.com,hash1,Fernando López,3,2012-01-04,Femenino,220,103,{},2012-08-02,1998-03-12,2000-10-18
871,61,daniel,juan@gmail.com,hash2,Fernando López,3,2019-01-03,Femenino,218,176,{},2010-07-25,1992-12-18,2007-06-02
872,86,daniel,juan@gmail.com,hash3,Juan Pérez,3,2010-09-12,Masculino,200,43,{},2019-03-12,1991-03-28,1997-02-15
873,22,daniel,fernando@gmail.com,hash1,Juan Pérez,1,2016-05-25,Femenino,48,71,{},2017-12-28,2018-04-28,2017-11-20
874,69,daniel,fernando@gmail.com,hash2,Juan Pérez,1,2016-11-19,Femenino,158,85,{},2002-02-02,1990-04-04,2008-11-28
875,72,daniel,daniel@gmail.com,hash2,Juan Pérez,3,2009-12-03,Masculino,127,146,{},2009-06-21,1990-02-14,1991-03-04
876,55,juan,daniel@gmail.com,hash1,Fernando López,1,2012-01-08,Femenino,63,45,{},2006-05-07,1996-04-13,1999-06-16
877,2,daniel,juan@gmail.com,hash3,Juan Pérez,2,2004-03-12,Masculino,33,109,{},1997-01-02,1994-01-08,1990-09-23
878,191,fernando,fernando@gmail.com,hash1,Daniel García,1,2016-11-10,Femenino,32,66,{},1993-11-06,2011-05-29,2003-11-04
879,92,juan,juan@gmail.com,hash2,Juan Pérez,2,2008-10-09,Femenino,185,157,{},2003-10-07,2009-11-27,2013-07-17
880,5,daniel,daniel@gmail.com,hash1,Daniel García,1,2010-08-29,Masculino,74,130,{},2001-04-07,2005-02-03,1996-06-26
881,27,fernando,fernando@gmail.com,hash3,Daniel García,3,2016-05-03,Masculino,218,71,{},2014-05-08,1993-05-05,2017-12-16
882,181,juan,juan@gmail.com,hash1,Juan Pérez,2,2016-10-28,Femenino,61,158,{},2018-07-12,2019-10-06,2007-06-27
883,170,fernando,juan@gmail.com,hash1,Daniel García,2,2019-08-29,Masculino,119,85,{},2015-04-29,2006-08-16,1992-08-24
884,97,fernando,juan@gmail.com,hash1,Fernando López,2,1997-12-18,Femenino,161,114,{},2000-12-23,1993-12-22,2014-08-31
885,105,fernando,fernando@gmail.com,hash3,Juan Pérez,2,2013-03-23,Femenino,139,146,{},2016-08-28,2011-02-26,2011-01-02
886,33,daniel,juan@gmail.com,hash3,Daniel García,1,1991-03-16,Femenino,145,61,{},2012-01-13,1998-06-21,2003-12-09
887,137,fernando,fernando@gmail.com,hash3,Daniel García,2,2019-08-05,Femenino,125,26,{},2001-01-22,1990-11-18,2015-12-19
888,80,fernando,daniel@gmail.com,hash3,Daniel García,1,2012-07-27,Femenino,20,39,{},1994-07-27,2000-01-17,2014-07-23
889,120,fernando,fernando@gmail.com,hash1,Juan Pérez,2,2010-01-08,Femenino,15,18,{},2008-02-06,2016-12-17,2001-02-09
890,171,juan,juan@gmail.com,hash3,Fernando López,3,2000-07-13,Femenino,197,117,{},2003-06-18,2014-11-29,2014-12-03
891,134,juan,daniel@gmail.com,hash1,Juan Pérez,1,2014-10-20,Masculino,233,162,{},1994-08-25,1991-10-24,2012-01-04
892,155,daniel,juan@gmail.com,hash1,Fernando López,3,2007-03-28,Femenino,58,126,{},1995-11-04,2013-07-27,2008-11-15
893,48,daniel,daniel@gmail.com,hash2,Juan Pérez,3,2016-08-14,Masculino,234,132,{},2018-07-01,2010-06-17,2015-12-14
894,19,fernando,daniel@gmail.com,hash1,Fernando López,2,1994-02-12,Femenino,148,175,{},1994-11-02,2001-11-13,2000-08-14
895,92,daniel,juan@gmail.com,hash3,Fernando López,1,1995-12-22,Masculino,168,145,{},2017-07-24,1995-05-29,2019-04-27
896,44,juan,fernando@gmail.com,hash1,Juan Pérez,2,2005-06-13,Femenino,146,143,{},2009-03-04,1994-11-10,1999-10-24
897,189,juan,juan@gmail.com,hash2,Fernando López,3,2014-12-15,Femenino,131,171,{},2012-12-27,2014-03-14,1997-11-29
898,198,juan,fernando@gmail.com,hash1,Daniel García,3,2003-11-06,Masculino,190,165,{},1996-06-28,2013-09-03,1992-10-27
899,62,daniel,fernando@gmail.com,hash1,Fernando López,2,1998-03-08,Femenino,57,43,{},2004-02-25,2013-01-15,2008-12-10
900,177,fernando,juan@gmail.com,hash1,Fernando López,1,1998-07-23,Femenino,99,97,{},2005-06-22,1990-05-17,1998-04-06
901,49,juan,fernando@gmail.com,hash2,Fernando López,2,2009-12-09,Femenino,20,176,{},2010-01-03,2006-10-05,2003-09-23
902,88,fernando,daniel@gmail.com,hash2,Juan Pérez,1,2002-04-05,Masculino,23,147,{},1996-08-11,2001-09-04,1994-09-09
903,193,juan,juan@gmail.com,hash3,Daniel García,1,2008-12-15,Masculino,243,42,{},2009-04-26,1992-09-08,1991-02-11
904,124,juan,juan@gmail.com,hash2,Daniel García,3,1991-07-18,Masculino,65,5,{},1993-01-03,1994-02-23,2017-08-16
905,134,fernando,fernando@gmail.com,hash3,Daniel García,3,2006-04-09,Masculino,95,73,{},1999-09-30,1995-12-11,1993-01-30
906,75,fernando,juan@gmail.com,hash2,Juan Pérez,3,2015-04-25,Masculino,26,191,{},2002-06-03,2016-11-04,1993-04-08
907,146,daniel,daniel@gmail.com,hash3,Fernando López,3,2007-03-24,Femenino,15,171,{},1993-06-22,2004-12-26,2017-07-11
908,25,daniel,fernando@gmail.com,hash1,Daniel García,3,1996-07-03,Masculino,20,67,{},2003-08-19,2019-10-12,2007-08-13
909,45,fernando,juan@gmail.com,hash2,Juan Pérez,2,2009-12-27,Femenino,72,50,{},1994-03-05,2019-02-01,1997-01-11
910,43,juan,daniel@gmail.com,hash1,Fernando López,2,2018-11-12,Femenino,222,36,{},2008-11-23,1992-06-08,1998-06-03
911,188,juan,juan@gmail.com,hash1,Juan Pérez,3,2013-06-18,Femenino,84,128,{},2012-03-10,2017-07-17,2008-01-06
912,180,fernando,fernando@gmail.com,hash3,Fernando López,1,1991-05-07,Masculino,217,12,{},2017-01-30,2019-09-09,1999-05-15
913,110,juan,juan@gmail.com,hash1,Juan Pérez,1,2013-02-20,Masculino,58,60,{},2005-04-29,2014-09-13,1994-10-08
914,48,juan,fernando@gmail.com,hash3,Daniel García,1,2004-01-16,Femenino,63,42,{},2012-10-31,2003-02-25,2001-06-14
915,40,daniel,juan@gmail.com,hash3,Juan Pérez,1,2014-06-25,Femenino,59,101,{},2009-05-15,2014-08-03,1991-08-10
916,10,fernando,daniel@gmail.com,hash2,Daniel García,1,2005-12-29,Femenino,242,161,{},2006-02-01,1997-09-26,2016-04-28
917,36,daniel,fernando@gmail.com,hash1,Fernando López,1,1992-04-27,Masculino,113,21,{},2003-10-12,2012-04-19,2013-06-17
918,68,fernando,fernando@gmail.com,hash2,Juan Pérez,3,2005-06-03,Masculino,67,130,{},2014-12-19,2000-04-10,2009-01-01
919,22,fernando,juan@gmail.com,hash2,Fernando López,1,2010-10-16,Femenino,110,160,{},1995-11-17,1990-02-02,2002-01-29
920,131,daniel,fernando@gmail.com,hash3,Daniel García,3,1990-10-18,Masculino,26,134,{},2015-09-17,1995-02-06,2002-12-11
921,26,juan,juan@gmail.com,hash2,Fernando López,1,2010-11-06,Femenino,179,68,{},2012-02-19,2002-06-28,2018-07-30
922,147,fernando,fernando@gmail.com,hash3,Daniel García,2,1994-11-02,Femenino,206,192,{},2016-11-11,2011-01-08,2011-01-07
923,44,fernando,juan@gmail.com,hash2,Fernando López,1,1992-12-27,Masculino,69,102,{},2001-10-01,2001-07-06,2009-06-14
924,74,daniel,daniel@gmail.com,hash2,Fernando López,1,2009-07-07,Femenino,149,58,{},2016-11-24,1990-01-11,2019-09-07
925,150,daniel,fernando@gmail.com,hash3,Juan Pérez,1,2008-02-25,Femenino,71,192,{},2002-05-20,1995-10-26,2018-05-27
926,98,fernando,daniel@gmail.com,hash1,Juan Pérez,1,2004-11-16,Masculino,113,161,{},1991-09-09,2019-12-13,1990-01-01
927,100,fernando,daniel@gmail.com,hash1,Daniel García,1,2001-05-19,Masculino,170,5,{},2004-08-14,2007-08-26,2000-05-10
928,139,juan,juan@gmail.com,hash1,Juan Pérez,3,2009-05-08,Femenino,29,6,{},2000-04-24,2016-02-07,1996-12-14
929,163,daniel,daniel@gmail.com,hash2,Daniel García,2,2013-07-26,Masculino,162,144,{},2004-01-21,2017-10-25,2009-01-30
930,175,daniel,daniel@gmail.com,hash3,Fernando López,2,2018-04-24,Femenino,200,165,{},1993-01-09,2001-11-14,2007-08-13
931,88,juan,fernando@gmail.com,hash3,Juan Pérez,2,2013-01-23,Masculino,158,119,{},2006-04-01,2001-12-30,2013-03-15
932,176,daniel,daniel@gmail.com,hash1,Daniel García,1,2000-05-30,Femenino,10,36,{},2001-12-07,1991-02-13,2014-10-29
933,97,fernando,daniel@gmail.com,hash1,Fernando López,1,1998-12-31,Femenino,160,119,{},2017-01-27,2015-01-20,1995-09-17
934,105,juan,daniel@gmail.com,hash3,Fernando López,3,1994-11-23,Femenino,36,121,{},1991-09-11,2016-10-09,2007-08-15
935,71,juan,daniel@gmail.com,hash1,Juan Pérez,2,1994-08-04,Femenino,197,172,{},1995-03-26,1991-09-07,2013-11-01
936,66,fernando,juan@gmail.com,hash1,Daniel García,2,1999-04-07,Femenino,213,187,{},2003-02-09,2019-09-09,2014-06-07
937,139,fernando,juan@gmail.com,hash1,Juan Pérez,1,2006-11-03,Masculino,85,162,{},2016-08-06,2004-11-28,1991-04-27
938,132,fernando,juan@gmail.com,hash2,Fernando López,3,2001-06-08,Femenino,77,6,{},1990-10-08,2009-03-08,1998-03-23
939,195,daniel,juan@gmail.com,hash1,Juan Pérez,1,2012-09-03,Femenino,61,161,{},2004-01-12,2008-12-14,2007-11-10
940,166,juan,daniel@gmail.com,hash2,Juan Pérez,3,2011-11-12,Femenino,68,98,{},2003-12-11,2005-01-13,1990-01-11
941,95,daniel,juan@gmail.com,hash3,Juan Pérez,3,2003-12-03,Masculino,136,126,{},2006-06-09,2007-10-21,2009-09-19
942,197,daniel,fernando@gmail.com,hash1,Daniel García,2,1999-08-27,Masculino,199,94,{},2018-08-09,1991-04-23,2015-01-22
943,75,juan,juan@gmail.com,hash2,Fernando López,2,1995-01-28,Masculino,45,99,{},2015-06-25,2012-07-22,1999-03-03
944,142,daniel,daniel@gmail.com,hash3,Daniel García,1,1993-02-13,Femenino,67,55,{},2014-02-27,1998-09-09,1999-10-10
945,86,fernando,daniel@gmail.com,hash2,Juan Pérez,2,1994-08-24,Femenino,220,127,{},2008-01-23,2019-05-31,2007-01-16
946,105,daniel,daniel@gmail.com,hash3,Juan Pérez,2,1995-06-24,Femenino,140,90,{},2008-02-02,2006-12-12,1992-12-18
947,173,daniel,fernando@gmail.com,hash1,Fernando López,1,2003-08-13,Femenino,246,34,{},2010-11-20,1997-10-07,1995-05-31
948,50,fernando,daniel@gmail.com,hash1,Daniel García,3,2002-10-17,Masculino,226,177,{},2015-05-19,2005-05-10,1991-12-20
949,117,daniel,daniel@gmail.com,hash1,Fernando López,2,1997-11-30,Femenino,159,154,{},1991-03-19,1992-06-15,2014-02-15
950,185,fernando,fernando@gmail.com,hash3,Daniel García,2,2009-01-08,Femenino,135,38,{},2019-05-18,2017-04-15,2015-03-09
951,143,fernando,daniel@gmail.com,hash2,Daniel García,2,2014-06-15,Femenino,1,132,{},1990-07-16,1999-10-13,2013-05-22
952,101,daniel,daniel@gmail.com,hash1,Juan Pérez,2,2017-12-05,Masculino,89,98,{},2008-11-15,1996-03-15,1992-02-24
953,87,juan,fernando@gmail.com,hash2,Juan Pérez,1,2010-04-23,Masculino,192,1,{},1996-10-18,2011-11-13,1995-10-14
954,144,juan,daniel@gmail.com,hash3,Daniel García,1,1996-05-13,Femenino,179,152,{},2011-07-07,1994-07-14,2005-07-24
955,21,fernando,daniel@gmail.com,hash2,Juan Pérez,2,2001-04-17,Masculino,222,78,{},2001-09-07,2013-02-18,1995-01-09
956,66,juan,fernando@gmail.com,hash2,Daniel García,1,2016-12-13,Masculino,245,3,{},2007-12-20,2013-02-15,2001-06-16
957,85,daniel,fernando@gmail.com,hash1,Daniel García,1,2012-10-22,Femenino,169,197,{},1998-05-23,1999-06-27,2008-10-17
958,109,juan,fernando@gmail.com,hash3,Juan Pérez,3,2016-11-02,Femenino,154,169,{},2010-05-19,2007-11-26,2008-10-04
959,170,daniel,fernando@gmail.com,hash1,Daniel García,1,1994-05-18,Masculino,235,110,{},2015-06-13,2013-09-28,2016-05-01
960,126,daniel,fernando@gmail.com,hash2,Daniel García,3,1993-08-03,Femenino,182,52,{},2017-04-01,2019-07-05,2001-06-17
961,19,fernando,juan@gmail.com,hash3,Daniel García,2,1996-12-03,Femenino,248,54,{},1992-05-10,2016-08-13,2009-05-05
962,170,fernando,juan@gmail.com,hash3,Daniel García,1,2017-10-11,Femenino,77,184,{},1993-09-21,2018-12-12,2017-01-28
963,29,juan,fernando@gmail.com,hash3,Juan Pérez,2,2017-05-25,Masculino,60,138,{},2009-08-27,2005-06-19,1997-12-09
964,13,daniel,daniel@gmail.com,hash3,Daniel García,3,1999-07-10,Femenino,135,28,{},1991-05-14,1990-11-29,2005-05-17
965,168,juan,juan@gmail.com,hash3,Juan Pérez,1,2019-03-12,Femenino,137,56,{},2007-02-07,1995-10-23,1996-11-26
966,92,juan,fernando@gmail.com,hash3,Fernando López,2,1994-08-29,Masculino,36,97,{},2011-11-23,2015-01-16,2012-01-24
967,196,daniel,fernando@gmail.com,hash2,Juan Pérez,3,1994-06-05,Masculino,153,176,{},2004-04-07,2019-03-03,2007-01-16
968,190,fernando,juan@gmail.com,hash1,Juan Pérez,2,2002-06-26,Femenino,138,60,{},1990-01-03,2014-11-07,2012-08-02
969,22,daniel,daniel@gmail.com,hash3,Juan Pérez,3,2000-02-25,Femenino,229,164,{},2014-07-20,2004-08-14,2015-06-23
970,127,juan,juan@gmail.com,hash3,Fernando López,1,1996-09-29,Masculino,45,49,{},1997-08-21,1994-06-19,2011-08-29
971,146,juan,fernando@gmail.com,hash3,Fernando López,1,2011-01-11,Masculino,128,151,{},2005-02-07,1998-03-05,1999-07-12
972,169,daniel,daniel@gmail.com,hash1,Fernando López,3,1996-03-15,Masculino,55,143,{},1996-11-04,2016-05-28,2015-05-29
973,53,daniel,juan@gmail.com,hash2,Juan Pérez,3,2002-12-06,Femenino,197,192,{},2010-07-09,1993-06-19,1990-12-21
974,64,fernando,juan@gmail.com,hash1,Daniel García,1,1998-04-29,Masculino,1,138,{},2019-02-21,2003-11-22,2005-09-29
975,116,daniel,daniel@gmail.com,hash3,Juan Pérez,2,2001-05-10,Femenino,215,92,{},1998-12-18,2014-02-02,2014-08-15
976,161,juan,fernando@gmail.com,hash2,Fernando López,2,2015-04-02,Femenino,62,177,{},2018-12-07,2005-02-19,2011-10-05
977,171,daniel,juan@gmail.com,hash2,Daniel García,3,1995-02-26,Masculino,147,104,{},2019-04-22,2018-06-21,2001-07-03
978,158,fernando,daniel@gmail.com,hash1,Juan Pérez,2,2008-02-18,Masculino,58,80,{},2013-08-23,2018-05-07,1998-08-21
979,108,juan,fernando@gmail.com,hash1,Daniel García,1,1996-05-03,Femenino,43,18,{},2016-11-19,2002-03-23,1990-07-05
980,181,daniel,juan@gmail.com,hash2,Fernando López,1,1999-10-21,Femenino,3,124,{},2006-01-27,2012-11-06,1992-07-24
981,195,fernando,fernando@gmail.com,hash1,Fernando López,3,1995-11-16,Masculino,26,112,{},2015-05-19,2015-12-13,1992-04-18
982,1,daniel,fernando@gmail.com,hash2,Daniel García,2,2018-07-23,Femenino,57,57,{},2002-06-15,1998-09-03,2010-09-12
983,181,daniel,daniel@gmail.com,hash3,Fernando López,1,2010-09-13,Femenino,109,44,{},1990-05-23,2013-04-15,1991-03-10
984,124,daniel,daniel@gmail.com,hash1,Daniel García,2,2016-08-09,Masculino,169,33,{},2004-12-22,2018-11-09,1998-12-10
985,78,daniel,juan@gmail.com,hash3,Fernando López,2,1997-06-17,Masculino,0,91,{},2012-06-15,2013-12-28,2010-09-21
986,139,fernando,fernando@gmail.com,hash3,Daniel García,3,2012-01-12,Femenino,59,105,{},2004-01-20,2008-05-28,2006-04-29
987,155,daniel,fernando@gmail.com,hash3,Juan Pérez,1,1990-05-12,Masculino,91,119,{},2006-06-04,2012-02-16,2016-02-22
988,54,juan,daniel@gmail.com,hash2,Fernando López,1,2015-08-21,Femenino,106,191,{},2018-03-07,1996-11-21,2003-01-29
989,40,daniel,fernando@gmail.com,hash3,Daniel García,3,1997-04-21,Masculino,94,60,{},1991-01-06,2006-08-02,1991-04-09
990,2,daniel,daniel@gmail.com,hash3,Fernando López,1,2013-04-13,Femenino,90,184,{},1999-11-24,2002-11-07,2000-12-28
991,99,fernando,juan@gmail.com,hash2,Juan Pérez,1,1998-04-24,Masculino,246,77,{},2010-09-04,2016-11-01,1995-07-27
992,91,daniel,juan@gmail.com,hash2,Daniel García,3,2009-03-23,Femenino,157,53,{},2010-10-06,1991-11-27,2008-06-09
993,119,juan,juan@gmail.com,hash1,Daniel García,1,2009-10-28,Femenino,37,162,{},2014-11-15,2005-09-02,2005-02-12
994,105,fernando,juan@gmail.com,hash2,Fernando López,3,1998-08-09,Masculino,85,79,{},2015-10-15,2007-02-13,2001-07-30
995,49,fernando,juan@gmail.com,hash2,Daniel García,1,2005-11-19,Femenino,238,101,{},2003-11-01,2010-08-03,2001-03-25
996,86,fernando,daniel@gmail.com,hash2,Daniel García,3,1996-01-09,Femenino,215,93,{},2014-10-23,2018-11-29,2015-04-05
997,127,fernando,juan@gmail.com,hash2,Daniel García,2,2005-02-26,Femenino,119,99,{},2009-02-21,2007-11-10,2006-11-07
998,65,fernando,juan@gmail.com,hash2,Fernando López,3,2013-02-24,Masculino,182,146,{},1996-12-16,1995-01-11,2012-06-11
999,22,daniel,daniel@gmail.com,hash3,Daniel García,3,2003-05-18,Masculino,185,183,{},2011-03-24,2004-04-12,2008-02-28
